,广告行业,投放时段,电视台,用户年龄段,用户性别,教育水平,所在行业,消费水平
0,饮料,0:00-2:00,东方卫视,30+,女,本科及以上,IT电子通信,低
1,家用电器,20:00-22:00,CCTV,20-30,女,高中及以下,金融保险,中
2,食品,22:00-0:00,CCTV,20-30,男,本科及以上,教育,低
3,家用电器,4:00-6:00,浙江卫视,20-30,女,本科及以上,社会公共管理,高
4,食品,20:00-22:00,CCTV,30+,女,本科及以上,住宿旅游,高
5,饮料,22:00-0:00,CCTV,30+,男,大专,住宿旅游,高
6,饮料,2:00-4:00,浙江卫视,20-30,女,本科及以上,IT电子通信,高
7,食品,4:00-6:00,CCTV,20-30,男,本科及以上,IT电子通信,高
8,酒类,8:00-10:00,CCTV,30+,男,高中及以下,IT电子通信,低
9,食品,0:00-2:00,东方卫视,30+,男,本科及以上,住宿旅游,低
10,酒类,8:00-10:00,CCTV,20-30,女,大专,教育,高
11,酒类,20:00-22:00,CCTV,30+,女,本科及以上,IT电子通信,中
12,食品,22:00-0:00,CCTV,30+,男,大专,IT电子通信,高
13,家用电器,12:00-14:00,CCTV,0-10,女,本科及以上,住宿旅游,低
14,饮料,22:00-0:00,CCTV,30+,女,高中及以下,IT电子通信,高
15,酒类,8:00-10:00,CCTV,30+,女,本科及以上,教育,中
16,饮料,16:00-18:00,CCTV,30+,男,本科及以上,社会公共管理,低
17,食品,2:00-4:00,CCTV,30+,男,高中及以下,医药卫生,中
18,酒类,10:00-12:00,CCTV,20-30,女,本科及以上,金融保险,高
19,食品,22:00-0:00,浙江卫视,20-30,女,大专,医药卫生,低
20,酒类,18:00-20:00,CCTV,30+,男,本科及以上,教育,中
21,邮电通讯,22:00-0:00,CCTV,20-30,女,本科及以上,金融保险,低
22,食品,22:00-0:00,CCTV,30+,女,高中及以下,教育,高
23,酒类,20:00-22:00,浙江卫视,30+,女,本科及以上,医药卫生,高
24,饮料,20:00-22:00,东方卫视,30+,女,本科及以上,IT电子通信,低
25,邮电通讯,4:00-6:00,CCTV,30+,女,本科及以上,社会公共管理,低
26,饮料,2:00-4:00,CCTV,30+,男,本科及以上,住宿旅游,高
27,酒类,20:00-22:00,东方卫视,0-10,男,高中及以下,住宿旅游,中
28,食品,22:00-0:00,东方卫视,30+,女,本科及以上,IT电子通信,低
29,饮料,20:00-22:00,浙江卫视,20-30,男,大专,住宿旅游,低
30,家用电器,2:00-4:00,CCTV,30+,女,本科及以上,社会公共管理,中
31,饮料,20:00-22:00,CCTV,30+,男,本科及以上,金融保险,中
32,酒类,8:00-10:00,浙江卫视,30+,男,高中及以下,住宿旅游,中
33,家用电器,10:00-12:00,CCTV,20-30,男,本科及以上,社会公共管理,低
34,家用电器,4:00-6:00,CCTV,0-10,男,大专,社会公共管理,中
35,邮电通讯,8:00-10:00,CCTV,30+,女,本科及以上,教育,低
36,饮料,22:00-0:00,东方卫视,30+,男,高中及以下,社会公共管理,高
37,食品,4:00-6:00,东方卫视,30+,女,高中及以下,教育,中
38,饮料,22:00-0:00,CCTV,10-20,女,大专,社会公共管理,高
39,邮电通讯,4:00-6:00,东方卫视,30+,男,大专,医药卫生,低
40,饮料,20:00-22:00,CCTV,30+,女,本科及以上,教育,低
41,酒类,12:00-14:00,CCTV,30+,男,大专,医药卫生,高
42,酒类,6:00-8:00,CCTV,30+,女,本科及以上,教育,中
43,家用电器,20:00-22:00,东方卫视,10-20,男,本科及以上,社会公共管理,低
44,食品,20:00-22:00,东方卫视,30+,女,本科及以上,社会公共管理,中
45,酒类,0:00-2:00,东方卫视,30+,女,本科及以上,IT电子通信,高
46,饮料,20:00-22:00,东方卫视,30+,女,本科及以上,社会公共管理,高
47,食品,2:00-4:00,东方卫视,30+,男,高中及以下,医药卫生,低
48,酒类,20:00-22:00,CCTV,10-20,男,本科及以上,医药卫生,中
49,食品,16:00-18:00,浙江卫视,20-30,女,大专,金融保险,高
50,家用电器,22:00-0:00,浙江卫视,30+,女,高中及以下,住宿旅游,中
51,饮料,2:00-4:00,CCTV,30+,男,大专,社会公共管理,中
52,饮料,22:00-0:00,浙江卫视,30+,男,本科及以上,IT电子通信,低
53,食品,22:00-0:00,CCTV,30+,男,本科及以上,医药卫生,中
54,酒类,22:00-0:00,CCTV,10-20,女,大专,医药卫生,中
55,食品,22:00-0:00,东方卫视,30+,男,本科及以上,社会公共管理,高
56,酒类,8:00-10:00,东方卫视,30+,男,高中及以下,IT电子通信,高
57,酒类,22:00-0:00,浙江卫视,30+,女,大专,社会公共管理,高
58,饮料,8:00-10:00,CCTV,10-20,男,大专,教育,高
59,食品,4:00-6:00,湖南卫视,30+,男,高中及以下,社会公共管理,中
60,酒类,10:00-12:00,CCTV,20-30,女,本科及以上,医药卫生,低
61,酒类,4:00-6:00,CCTV,30+,女,本科及以上,社会公共管理,高
62,酒类,20:00-22:00,东方卫视,0-10,女,本科及以上,金融保险,高
63,家用电器,20:00-22:00,CCTV,30+,男,本科及以上,教育,中
64,酒类,8:00-10:00,湖南卫视,30+,男,高中及以下,教育,低
65,饮料,16:00-18:00,CCTV,30+,女,本科及以上,社会公共管理,高
66,食品,18:00-20:00,CCTV,30+,女,大专,社会公共管理,中
67,饮料,4:00-6:00,CCTV,30+,女,本科及以上,医药卫生,中
68,家用电器,6:00-8:00,CCTV,30+,女,大专,金融保险,高
69,饮料,20:00-22:00,东方卫视,30+,男,大专,社会公共管理,低
70,饮料,20:00-22:00,CCTV,30+,女,本科及以上,教育,低
71,酒类,22:00-0:00,东方卫视,30+,女,大专,IT电子通信,高
72,食品,22:00-0:00,CCTV,30+,女,本科及以上,社会公共管理,中
73,饮料,20:00-22:00,东方卫视,10-20,男,大专,医药卫生,低
74,食品,18:00-20:00,CCTV,10-20,男,本科及以上,社会公共管理,中
75,酒类,2:00-4:00,CCTV,30+,女,本科及以上,金融保险,高
76,饮料,22:00-0:00,东方卫视,20-30,男,大专,教育,高
77,家用电器,22:00-0:00,CCTV,30+,女,高中及以下,社会公共管理,低
78,酒类,22:00-0:00,东方卫视,30+,男,高中及以下,医药卫生,高
79,家用电器,22:00-0:00,CCTV,30+,男,本科及以上,社会公共管理,中
80,家用电器,8:00-10:00,东方卫视,30+,女,本科及以上,社会公共管理,低
81,酒类,10:00-12:00,CCTV,30+,女,大专,社会公共管理,高
82,饮料,20:00-22:00,CCTV,0-10,女,高中及以下,金融保险,高
83,家用电器,20:00-22:00,CCTV,30+,女,大专,医药卫生,高
84,酒类,22:00-0:00,浙江卫视,30+,男,本科及以上,社会公共管理,高
85,家用电器,22:00-0:00,浙江卫视,0-10,女,本科及以上,IT电子通信,低
86,酒类,22:00-0:00,东方卫视,0-10,女,高中及以下,住宿旅游,中
87,饮料,2:00-4:00,CCTV,20-30,男,本科及以上,医药卫生,低
88,饮料,20:00-22:00,CCTV,30+,女,大专,医药卫生,高
89,饮料,4:00-6:00,CCTV,30+,女,本科及以上,教育,中
90,酒类,22:00-0:00,CCTV,20-30,男,本科及以上,社会公共管理,低
91,家用电器,22:00-0:00,东方卫视,20-30,女,本科及以上,IT电子通信,低
92,酒类,20:00-22:00,CCTV,30+,女,本科及以上,金融保险,中
93,饮料,8:00-10:00,浙江卫视,30+,女,本科及以上,教育,高
94,家用电器,4:00-6:00,CCTV,30+,男,本科及以上,教育,高
95,饮料,10:00-12:00,浙江卫视,30+,女,本科及以上,IT电子通信,高
96,食品,18:00-20:00,CCTV,30+,男,本科及以上,金融保险,低
97,酒类,16:00-18:00,东方卫视,0-10,男,高中及以下,住宿旅游,高
98,酒类,0:00-2:00,CCTV,30+,女,本科及以上,金融保险,中
99,酒类,22:00-0:00,CCTV,30+,女,本科及以上,医药卫生,高
100,酒类,16:00-18:00,CCTV,0-10,女,大专,IT电子通信,低
101,邮电通讯,14:00-16:00,CCTV,10-20,男,大专,IT电子通信,高
102,食品,22:00-0:00,东方卫视,20-30,男,高中及以下,医药卫生,高
103,食品,20:00-22:00,湖南卫视,10-20,女,大专,金融保险,高
104,酒类,0:00-2:00,东方卫视,30+,男,本科及以上,医药卫生,中
105,饮料,8:00-10:00,CCTV,0-10,女,大专,教育,高
106,酒类,4:00-6:00,CCTV,30+,女,本科及以上,医药卫生,低
107,家用电器,8:00-10:00,CCTV,0-10,男,大专,IT电子通信,中
108,家用电器,8:00-10:00,CCTV,10-20,男,本科及以上,金融保险,高
109,食品,16:00-18:00,CCTV,30+,女,高中及以下,IT电子通信,低
110,家用电器,22:00-0:00,CCTV,30+,男,本科及以上,社会公共管理,中
111,食品,20:00-22:00,浙江卫视,20-30,女,大专,社会公共管理,中
112,酒类,12:00-14:00,东方卫视,30+,女,本科及以上,医药卫生,低
113,酒类,4:00-6:00,CCTV,30+,男,本科及以上,IT电子通信,高
114,家用电器,2:00-4:00,CCTV,30+,男,本科及以上,住宿旅游,中
115,食品,20:00-22:00,CCTV,20-30,男,本科及以上,社会公共管理,高
116,饮料,22:00-0:00,CCTV,30+,男,高中及以下,金融保险,高
117,酒类,2:00-4:00,东方卫视,30+,女,高中及以下,IT电子通信,低
118,饮料,18:00-20:00,CCTV,30+,女,本科及以上,教育,高
119,食品,20:00-22:00,CCTV,30+,女,本科及以上,住宿旅游,低
120,酒类,18:00-20:00,东方卫视,30+,男,本科及以上,IT电子通信,高
121,酒类,22:00-0:00,CCTV,30+,女,大专,教育,高
122,邮电通讯,4:00-6:00,CCTV,10-20,女,大专,教育,低
123,食品,8:00-10:00,浙江卫视,30+,男,高中及以下,教育,高
124,饮料,20:00-22:00,CCTV,30+,女,本科及以上,住宿旅游,中
125,食品,20:00-22:00,湖南卫视,30+,女,本科及以上,IT电子通信,低
126,家用电器,2:00-4:00,CCTV,30+,女,本科及以上,住宿旅游,中
127,酒类,10:00-12:00,CCTV,30+,男,本科及以上,IT电子通信,高
128,食品,8:00-10:00,CCTV,30+,男,本科及以上,医药卫生,高
129,酒类,2:00-4:00,东方卫视,30+,男,本科及以上,IT电子通信,高
130,酒类,6:00-8:00,东方卫视,30+,女,本科及以上,金融保险,高
131,酒类,20:00-22:00,东方卫视,30+,女,本科及以上,教育,中
132,饮料,18:00-20:00,东方卫视,10-20,女,本科及以上,金融保险,高
133,食品,18:00-20:00,CCTV,10-20,男,高中及以下,IT电子通信,低
134,酒类,16:00-18:00,东方卫视,30+,女,大专,住宿旅游,高
135,酒类,10:00-12:00,浙江卫视,20-30,男,高中及以下,住宿旅游,低
136,酒类,20:00-22:00,东方卫视,30+,男,高中及以下,IT电子通信,高
137,食品,16:00-18:00,CCTV,30+,女,本科及以上,住宿旅游,低
138,食品,20:00-22:00,浙江卫视,20-30,女,大专,IT电子通信,中
139,饮料,14:00-16:00,CCTV,10-20,女,大专,社会公共管理,中
140,食品,8:00-10:00,浙江卫视,30+,女,本科及以上,教育,低
141,酒类,18:00-20:00,CCTV,0-10,女,本科及以上,教育,中
142,酒类,22:00-0:00,东方卫视,30+,女,本科及以上,IT电子通信,中
143,饮料,16:00-18:00,CCTV,30+,男,大专,金融保险,中
144,食品,4:00-6:00,CCTV,30+,女,本科及以上,金融保险,低
145,酒类,4:00-6:00,浙江卫视,10-20,女,本科及以上,医药卫生,中
146,酒类,22:00-0:00,浙江卫视,30+,男,大专,IT电子通信,中
147,酒类,0:00-2:00,东方卫视,30+,女,本科及以上,医药卫生,高
148,食品,20:00-22:00,CCTV,30+,女,大专,社会公共管理,低
149,酒类,0:00-2:00,CCTV,30+,男,本科及以上,教育,高
150,酒类,10:00-12:00,CCTV,10-20,女,本科及以上,医药卫生,高
151,家用电器,14:00-16:00,东方卫视,30+,男,本科及以上,IT电子通信,高
152,酒类,20:00-22:00,CCTV,10-20,女,本科及以上,IT电子通信,中
153,家用电器,20:00-22:00,浙江卫视,30+,女,大专,医药卫生,中
154,食品,20:00-22:00,东方卫视,30+,女,本科及以上,教育,中
155,酒类,4:00-6:00,CCTV,30+,男,大专,教育,中
156,家用电器,10:00-12:00,CCTV,30+,男,本科及以上,社会公共管理,高
157,酒类,16:00-18:00,CCTV,30+,男,本科及以上,社会公共管理,中
158,饮料,8:00-10:00,CCTV,30+,女,大专,住宿旅游,中
159,食品,18:00-20:00,东方卫视,10-20,女,高中及以下,IT电子通信,中
160,酒类,0:00-2:00,CCTV,10-20,男,本科及以上,教育,高
161,食品,18:00-20:00,CCTV,30+,男,本科及以上,教育,高
162,邮电通讯,2:00-4:00,CCTV,30+,男,本科及以上,教育,低
163,饮料,10:00-12:00,CCTV,10-20,女,高中及以下,住宿旅游,高
164,酒类,14:00-16:00,CCTV,30+,女,高中及以下,IT电子通信,低
165,饮料,8:00-10:00,东方卫视,30+,女,本科及以上,社会公共管理,低
166,饮料,8:00-10:00,CCTV,30+,女,大专,金融保险,高
167,饮料,16:00-18:00,CCTV,30+,女,大专,金融保险,中
168,邮电通讯,4:00-6:00,CCTV,10-20,男,本科及以上,医药卫生,高
169,饮料,22:00-0:00,东方卫视,10-20,男,本科及以上,住宿旅游,低
170,酒类,4:00-6:00,CCTV,0-10,男,本科及以上,社会公共管理,高
171,家用电器,4:00-6:00,CCTV,20-30,男,本科及以上,教育,中
172,饮料,20:00-22:00,CCTV,30+,男,本科及以上,医药卫生,高
173,食品,10:00-12:00,CCTV,0-10,男,高中及以下,社会公共管理,中
174,酒类,10:00-12:00,东方卫视,30+,女,本科及以上,金融保险,低
175,食品,22:00-0:00,CCTV,0-10,男,本科及以上,医药卫生,低
176,酒类,16:00-18:00,湖南卫视,20-30,男,高中及以下,金融保险,高
177,酒类,4:00-6:00,CCTV,30+,女,本科及以上,IT电子通信,高
178,饮料,22:00-0:00,湖南卫视,30+,女,本科及以上,社会公共管理,中
179,酒类,22:00-0:00,东方卫视,20-30,男,本科及以上,IT电子通信,高
180,酒类,22:00-0:00,CCTV,20-30,男,大专,IT电子通信,中
181,饮料,22:00-0:00,东方卫视,30+,女,本科及以上,社会公共管理,低
182,酒类,22:00-0:00,CCTV,30+,女,大专,住宿旅游,低
183,饮料,4:00-6:00,CCTV,30+,男,大专,金融保险,低
184,食品,20:00-22:00,CCTV,10-20,男,本科及以上,社会公共管理,低
185,酒类,18:00-20:00,东方卫视,30+,女,本科及以上,教育,中
186,酒类,10:00-12:00,浙江卫视,30+,女,本科及以上,医药卫生,中
187,食品,18:00-20:00,CCTV,30+,女,大专,IT电子通信,高
188,饮料,22:00-0:00,CCTV,30+,男,本科及以上,社会公共管理,低
189,酒类,22:00-0:00,CCTV,30+,男,本科及以上,社会公共管理,中
190,酒类,22:00-0:00,CCTV,20-30,女,高中及以下,社会公共管理,中
191,家用电器,20:00-22:00,浙江卫视,0-10,女,本科及以上,住宿旅游,中
192,食品,14:00-16:00,CCTV,30+,女,本科及以上,医药卫生,低
193,邮电通讯,10:00-12:00,湖南卫视,0-10,男,本科及以上,教育,中
194,家用电器,8:00-10:00,东方卫视,10-20,女,本科及以上,IT电子通信,中
195,酒类,0:00-2:00,CCTV,30+,女,大专,教育,高
196,食品,22:00-0:00,东方卫视,30+,男,高中及以下,医药卫生,高
197,酒类,16:00-18:00,CCTV,0-10,女,本科及以上,IT电子通信,高
198,酒类,22:00-0:00,东方卫视,0-10,女,本科及以上,社会公共管理,高
199,食品,22:00-0:00,浙江卫视,30+,女,本科及以上,教育,高
200,家用电器,18:00-20:00,湖南卫视,10-20,女,本科及以上,教育,低
201,饮料,10:00-12:00,CCTV,30+,男,大专,金融保险,中
202,食品,22:00-0:00,东方卫视,30+,男,本科及以上,金融保险,高
203,食品,20:00-22:00,CCTV,20-30,女,本科及以上,金融保险,高
204,酒类,22:00-0:00,CCTV,10-20,女,本科及以上,社会公共管理,高
205,家用电器,0:00-2:00,CCTV,20-30,男,本科及以上,IT电子通信,低
206,家用电器,6:00-8:00,CCTV,30+,男,大专,社会公共管理,低
207,酒类,8:00-10:00,浙江卫视,30+,男,本科及以上,社会公共管理,高
208,邮电通讯,16:00-18:00,CCTV,20-30,男,大专,教育,低
209,酒类,8:00-10:00,CCTV,30+,男,高中及以下,住宿旅游,中
210,食品,20:00-22:00,CCTV,30+,女,本科及以上,社会公共管理,高
211,酒类,20:00-22:00,CCTV,20-30,女,本科及以上,金融保险,中
212,邮电通讯,18:00-20:00,东方卫视,30+,男,高中及以下,住宿旅游,高
213,饮料,20:00-22:00,CCTV,20-30,女,本科及以上,医药卫生,低
214,食品,20:00-22:00,浙江卫视,10-20,男,高中及以下,金融保险,高
215,饮料,20:00-22:00,CCTV,30+,男,高中及以下,教育,低
216,食品,0:00-2:00,CCTV,0-10,男,高中及以下,住宿旅游,低
217,家用电器,0:00-2:00,CCTV,30+,女,高中及以下,IT电子通信,中
218,食品,16:00-18:00,浙江卫视,30+,女,本科及以上,金融保险,高
219,邮电通讯,18:00-20:00,CCTV,30+,男,本科及以上,金融保险,高
220,食品,18:00-20:00,湖南卫视,20-30,女,高中及以下,住宿旅游,高
221,酒类,6:00-8:00,CCTV,10-20,女,本科及以上,金融保险,低
222,家用电器,6:00-8:00,CCTV,10-20,女,本科及以上,教育,高
223,家用电器,16:00-18:00,CCTV,30+,女,本科及以上,住宿旅游,低
224,邮电通讯,18:00-20:00,浙江卫视,20-30,女,高中及以下,金融保险,高
225,食品,6:00-8:00,湖南卫视,30+,女,大专,金融保险,低
226,家用电器,20:00-22:00,东方卫视,30+,男,高中及以下,金融保险,中
227,家用电器,22:00-0:00,湖南卫视,20-30,女,大专,IT电子通信,中
228,饮料,20:00-22:00,东方卫视,30+,男,本科及以上,社会公共管理,高
229,食品,4:00-6:00,东方卫视,30+,女,大专,IT电子通信,低
230,食品,20:00-22:00,CCTV,30+,女,本科及以上,社会公共管理,高
231,酒类,22:00-0:00,东方卫视,30+,男,本科及以上,社会公共管理,高
232,酒类,0:00-2:00,CCTV,10-20,女,高中及以下,金融保险,高
233,饮料,20:00-22:00,浙江卫视,30+,男,本科及以上,IT电子通信,低
234,酒类,20:00-22:00,CCTV,0-10,男,高中及以下,金融保险,中
235,饮料,8:00-10:00,CCTV,20-30,女,本科及以上,IT电子通信,中
236,家用电器,18:00-20:00,CCTV,30+,男,本科及以上,教育,中
237,家用电器,0:00-2:00,湖南卫视,30+,女,大专,金融保险,中
238,饮料,10:00-12:00,东方卫视,30+,男,本科及以上,社会公共管理,高
239,饮料,22:00-0:00,CCTV,30+,女,大专,医药卫生,低
240,家用电器,14:00-16:00,CCTV,30+,男,本科及以上,IT电子通信,高
241,家用电器,6:00-8:00,CCTV,30+,女,本科及以上,金融保险,低
242,饮料,20:00-22:00,湖南卫视,30+,女,高中及以下,金融保险,低
243,家用电器,22:00-0:00,东方卫视,30+,女,高中及以下,IT电子通信,高
244,酒类,18:00-20:00,浙江卫视,30+,女,本科及以上,医药卫生,高
245,饮料,22:00-0:00,CCTV,30+,男,本科及以上,金融保险,中
246,家用电器,22:00-0:00,CCTV,30+,男,大专,金融保险,低
247,家用电器,8:00-10:00,CCTV,30+,女,本科及以上,教育,高
248,饮料,16:00-18:00,湖南卫视,10-20,女,本科及以上,金融保险,高
249,食品,18:00-20:00,CCTV,30+,女,本科及以上,IT电子通信,中
250,食品,18:00-20:00,湖南卫视,30+,女,本科及以上,金融保险,高
251,家用电器,16:00-18:00,CCTV,30+,女,本科及以上,社会公共管理,高
252,食品,20:00-22:00,东方卫视,30+,男,大专,IT电子通信,低
253,饮料,22:00-0:00,东方卫视,30+,女,大专,IT电子通信,中
254,酒类,8:00-10:00,CCTV,30+,男,本科及以上,住宿旅游,低
255,食品,12:00-14:00,CCTV,30+,女,大专,医药卫生,低
256,饮料,18:00-20:00,东方卫视,30+,女,高中及以下,社会公共管理,高
257,饮料,8:00-10:00,浙江卫视,20-30,女,本科及以上,教育,中
258,食品,22:00-0:00,东方卫视,30+,男,高中及以下,教育,高
259,邮电通讯,22:00-0:00,浙江卫视,30+,男,本科及以上,社会公共管理,低
260,食品,20:00-22:00,CCTV,20-30,女,大专,教育,低
261,酒类,14:00-16:00,东方卫视,30+,女,高中及以下,住宿旅游,低
262,饮料,4:00-6:00,CCTV,30+,女,本科及以上,教育,高
263,饮料,8:00-10:00,浙江卫视,30+,女,高中及以下,住宿旅游,高
264,酒类,20:00-22:00,东方卫视,30+,男,大专,医药卫生,高
265,邮电通讯,22:00-0:00,CCTV,10-20,男,高中及以下,金融保险,低
266,食品,14:00-16:00,CCTV,30+,女,本科及以上,金融保险,高
267,家用电器,14:00-16:00,CCTV,20-30,男,本科及以上,医药卫生,低
268,酒类,10:00-12:00,CCTV,20-30,男,本科及以上,教育,高
269,家用电器,16:00-18:00,CCTV,0-10,男,本科及以上,金融保险,高
270,饮料,22:00-0:00,CCTV,30+,女,本科及以上,医药卫生,低
271,家用电器,4:00-6:00,浙江卫视,30+,女,本科及以上,社会公共管理,中
272,食品,20:00-22:00,东方卫视,30+,女,本科及以上,住宿旅游,低
273,酒类,14:00-16:00,浙江卫视,20-30,女,大专,金融保险,高
274,饮料,22:00-0:00,CCTV,30+,男,本科及以上,住宿旅游,中
275,饮料,0:00-2:00,CCTV,30+,女,高中及以下,金融保险,高
276,食品,4:00-6:00,CCTV,0-10,男,本科及以上,医药卫生,中
277,食品,4:00-6:00,CCTV,30+,男,本科及以上,社会公共管理,中
278,家用电器,22:00-0:00,CCTV,0-10,女,本科及以上,住宿旅游,低
279,饮料,0:00-2:00,CCTV,30+,女,本科及以上,住宿旅游,低
280,饮料,20:00-22:00,东方卫视,30+,女,高中及以下,金融保险,低
281,酒类,18:00-20:00,CCTV,0-10,女,大专,社会公共管理,高
282,饮料,22:00-0:00,东方卫视,30+,男,本科及以上,IT电子通信,低
283,饮料,22:00-0:00,CCTV,30+,男,本科及以上,教育,高
284,酒类,10:00-12:00,CCTV,30+,男,本科及以上,教育,中
285,饮料,16:00-18:00,浙江卫视,10-20,男,本科及以上,教育,高
286,饮料,20:00-22:00,CCTV,0-10,男,高中及以下,金融保险,中
287,酒类,22:00-0:00,湖南卫视,30+,男,本科及以上,教育,低
288,酒类,20:00-22:00,东方卫视,30+,男,本科及以上,IT电子通信,高
289,饮料,22:00-0:00,湖南卫视,30+,女,本科及以上,社会公共管理,中
290,家用电器,22:00-0:00,CCTV,30+,女,高中及以下,社会公共管理,高
291,酒类,0:00-2:00,CCTV,30+,女,本科及以上,IT电子通信,高
292,食品,10:00-12:00,CCTV,30+,女,本科及以上,教育,高
293,酒类,8:00-10:00,CCTV,30+,女,本科及以上,教育,高
294,饮料,8:00-10:00,东方卫视,0-10,男,大专,社会公共管理,中
295,食品,20:00-22:00,CCTV,10-20,男,高中及以下,金融保险,高
296,邮电通讯,0:00-2:00,CCTV,30+,女,本科及以上,IT电子通信,高
297,家用电器,10:00-12:00,浙江卫视,30+,女,大专,社会公共管理,高
298,饮料,22:00-0:00,CCTV,20-30,男,大专,住宿旅游,低
299,家用电器,16:00-18:00,CCTV,30+,男,大专,金融保险,中
300,食品,22:00-0:00,湖南卫视,30+,男,大专,社会公共管理,高
301,邮电通讯,22:00-0:00,CCTV,30+,女,大专,医药卫生,高
302,家用电器,0:00-2:00,CCTV,20-30,男,大专,教育,高
303,酒类,20:00-22:00,东方卫视,30+,女,本科及以上,教育,高
304,酒类,22:00-0:00,CCTV,10-20,女,本科及以上,IT电子通信,中
305,食品,6:00-8:00,东方卫视,10-20,男,本科及以上,住宿旅游,低
306,饮料,22:00-0:00,CCTV,30+,女,本科及以上,金融保险,中
307,饮料,14:00-16:00,CCTV,30+,女,本科及以上,金融保险,中
308,酒类,0:00-2:00,CCTV,0-10,女,本科及以上,金融保险,高
309,饮料,16:00-18:00,东方卫视,30+,男,高中及以下,教育,中
310,邮电通讯,20:00-22:00,CCTV,20-30,男,大专,金融保险,高
311,酒类,16:00-18:00,CCTV,20-30,女,本科及以上,医药卫生,低
312,食品,8:00-10:00,CCTV,30+,女,本科及以上,医药卫生,中
313,家用电器,22:00-0:00,CCTV,30+,男,高中及以下,社会公共管理,高
314,食品,22:00-0:00,CCTV,10-20,男,高中及以下,金融保险,高
315,酒类,8:00-10:00,CCTV,30+,女,高中及以下,金融保险,中
316,家用电器,4:00-6:00,浙江卫视,30+,女,本科及以上,住宿旅游,高
317,邮电通讯,0:00-2:00,浙江卫视,30+,男,高中及以下,医药卫生,高
318,家用电器,22:00-0:00,浙江卫视,30+,男,本科及以上,医药卫生,中
319,酒类,20:00-22:00,浙江卫视,10-20,女,高中及以下,医药卫生,低
320,邮电通讯,8:00-10:00,CCTV,30+,女,高中及以下,住宿旅游,中
321,酒类,16:00-18:00,CCTV,20-30,男,本科及以上,金融保险,高
322,邮电通讯,6:00-8:00,浙江卫视,30+,女,高中及以下,教育,中
323,酒类,20:00-22:00,CCTV,30+,男,本科及以上,IT电子通信,中
324,食品,0:00-2:00,浙江卫视,20-30,女,大专,社会公共管理,高
325,家用电器,16:00-18:00,东方卫视,20-30,女,本科及以上,医药卫生,低
326,饮料,20:00-22:00,CCTV,0-10,女,大专,金融保险,中
327,酒类,10:00-12:00,CCTV,20-30,男,本科及以上,教育,高
328,酒类,20:00-22:00,浙江卫视,0-10,男,本科及以上,社会公共管理,低
329,酒类,2:00-4:00,CCTV,30+,女,本科及以上,教育,低
330,饮料,20:00-22:00,东方卫视,30+,男,本科及以上,医药卫生,高
331,家用电器,16:00-18:00,东方卫视,0-10,男,大专,社会公共管理,中
332,饮料,8:00-10:00,CCTV,30+,男,本科及以上,医药卫生,低
333,酒类,18:00-20:00,浙江卫视,10-20,女,大专,社会公共管理,中
334,食品,6:00-8:00,CCTV,30+,女,本科及以上,社会公共管理,低
335,饮料,20:00-22:00,东方卫视,30+,女,大专,金融保险,高
336,酒类,8:00-10:00,湖南卫视,10-20,男,本科及以上,IT电子通信,中
337,饮料,0:00-2:00,CCTV,30+,男,本科及以上,社会公共管理,高
338,食品,10:00-12:00,浙江卫视,30+,男,本科及以上,IT电子通信,中
339,酒类,10:00-12:00,东方卫视,20-30,男,本科及以上,社会公共管理,低
340,食品,8:00-10:00,CCTV,30+,女,高中及以下,IT电子通信,中
341,酒类,6:00-8:00,CCTV,20-30,女,高中及以下,金融保险,低
342,食品,0:00-2:00,CCTV,20-30,男,本科及以上,住宿旅游,中
343,家用电器,22:00-0:00,CCTV,30+,男,大专,医药卫生,高
344,食品,20:00-22:00,CCTV,30+,女,本科及以上,住宿旅游,中
345,酒类,20:00-22:00,湖南卫视,10-20,男,本科及以上,教育,高
346,酒类,14:00-16:00,CCTV,30+,女,本科及以上,医药卫生,高
347,邮电通讯,4:00-6:00,CCTV,20-30,男,大专,教育,低
348,家用电器,8:00-10:00,浙江卫视,30+,男,本科及以上,社会公共管理,低
349,邮电通讯,20:00-22:00,浙江卫视,30+,男,本科及以上,住宿旅游,低
350,食品,20:00-22:00,CCTV,10-20,男,本科及以上,医药卫生,高
351,家用电器,16:00-18:00,CCTV,30+,男,本科及以上,IT电子通信,中
352,家用电器,0:00-2:00,浙江卫视,30+,女,本科及以上,社会公共管理,低
353,家用电器,10:00-12:00,CCTV,20-30,女,大专,金融保险,低
354,酒类,22:00-0:00,CCTV,30+,女,本科及以上,IT电子通信,中
355,邮电通讯,2:00-4:00,东方卫视,30+,女,大专,住宿旅游,高
356,家用电器,20:00-22:00,CCTV,30+,女,大专,社会公共管理,中
357,食品,20:00-22:00,CCTV,30+,女,本科及以上,金融保险,低
358,饮料,22:00-0:00,CCTV,30+,男,本科及以上,医药卫生,低
359,家用电器,12:00-14:00,CCTV,30+,女,高中及以下,金融保险,低
360,家用电器,4:00-6:00,CCTV,30+,男,大专,住宿旅游,高
361,邮电通讯,8:00-10:00,东方卫视,10-20,女,大专,社会公共管理,高
362,酒类,22:00-0:00,东方卫视,10-20,女,本科及以上,教育,高
363,饮料,0:00-2:00,CCTV,30+,男,本科及以上,教育,高
364,饮料,20:00-22:00,东方卫视,30+,女,高中及以下,教育,中
365,家用电器,22:00-0:00,CCTV,10-20,男,本科及以上,社会公共管理,低
366,酒类,10:00-12:00,东方卫视,30+,男,本科及以上,金融保险,低
367,家用电器,22:00-0:00,浙江卫视,20-30,男,高中及以下,医药卫生,中
368,酒类,20:00-22:00,东方卫视,10-20,女,大专,金融保险,高
369,食品,22:00-0:00,CCTV,30+,女,本科及以上,社会公共管理,高
370,家用电器,8:00-10:00,东方卫视,0-10,女,本科及以上,医药卫生,高
371,家用电器,16:00-18:00,东方卫视,10-20,男,本科及以上,医药卫生,低
372,酒类,22:00-0:00,CCTV,20-30,女,大专,金融保险,低
373,家用电器,18:00-20:00,浙江卫视,30+,男,高中及以下,医药卫生,中
374,家用电器,22:00-0:00,东方卫视,30+,女,大专,医药卫生,低
375,酒类,2:00-4:00,东方卫视,10-20,男,本科及以上,IT电子通信,高
376,食品,22:00-0:00,浙江卫视,30+,男,大专,医药卫生,低
377,邮电通讯,22:00-0:00,CCTV,30+,男,本科及以上,住宿旅游,中
378,酒类,22:00-0:00,CCTV,30+,男,本科及以上,教育,高
379,食品,14:00-16:00,东方卫视,30+,男,本科及以上,医药卫生,中
380,家用电器,10:00-12:00,CCTV,10-20,男,本科及以上,金融保险,高
381,饮料,22:00-0:00,CCTV,30+,男,本科及以上,IT电子通信,低
382,饮料,0:00-2:00,东方卫视,30+,女,本科及以上,教育,中
383,酒类,22:00-0:00,CCTV,10-20,女,大专,住宿旅游,中
384,饮料,10:00-12:00,CCTV,10-20,女,本科及以上,医药卫生,高
385,食品,20:00-22:00,湖南卫视,30+,女,高中及以下,住宿旅游,中
386,酒类,8:00-10:00,CCTV,10-20,男,大专,住宿旅游,中
387,食品,2:00-4:00,浙江卫视,30+,女,高中及以下,社会公共管理,中
388,食品,16:00-18:00,CCTV,30+,男,大专,住宿旅游,低
389,家用电器,8:00-10:00,东方卫视,0-10,女,本科及以上,金融保险,低
390,家用电器,6:00-8:00,CCTV,30+,男,高中及以下,金融保险,高
391,酒类,20:00-22:00,浙江卫视,30+,男,本科及以上,金融保险,中
392,酒类,6:00-8:00,东方卫视,30+,男,本科及以上,金融保险,低
393,邮电通讯,22:00-0:00,CCTV,30+,女,本科及以上,金融保险,中
394,食品,14:00-16:00,浙江卫视,20-30,男,本科及以上,IT电子通信,低
395,家用电器,20:00-22:00,CCTV,30+,男,本科及以上,住宿旅游,中
396,邮电通讯,22:00-0:00,东方卫视,10-20,男,本科及以上,社会公共管理,低
397,酒类,20:00-22:00,东方卫视,30+,女,本科及以上,IT电子通信,高
398,饮料,22:00-0:00,CCTV,20-30,女,本科及以上,IT电子通信,高
399,食品,6:00-8:00,CCTV,30+,男,大专,金融保险,高
400,食品,20:00-22:00,湖南卫视,20-30,男,大专,金融保险,低
401,家用电器,20:00-22:00,CCTV,30+,女,本科及以上,医药卫生,中
402,邮电通讯,22:00-0:00,湖南卫视,30+,男,高中及以下,IT电子通信,高
403,饮料,22:00-0:00,CCTV,30+,女,高中及以下,住宿旅游,高
404,饮料,20:00-22:00,CCTV,20-30,男,大专,IT电子通信,低
405,饮料,8:00-10:00,CCTV,20-30,女,大专,IT电子通信,高
406,酒类,22:00-0:00,CCTV,30+,女,本科及以上,教育,中
407,食品,22:00-0:00,CCTV,30+,女,本科及以上,医药卫生,低
408,家用电器,4:00-6:00,CCTV,0-10,女,本科及以上,IT电子通信,低
409,家用电器,22:00-0:00,CCTV,30+,女,大专,医药卫生,高
410,饮料,2:00-4:00,浙江卫视,30+,女,大专,社会公共管理,中
411,食品,18:00-20:00,CCTV,0-10,女,大专,社会公共管理,高
412,邮电通讯,10:00-12:00,CCTV,30+,男,本科及以上,教育,高
413,饮料,14:00-16:00,CCTV,20-30,男,本科及以上,金融保险,高
414,食品,14:00-16:00,CCTV,10-20,女,大专,医药卫生,高
415,家用电器,6:00-8:00,CCTV,30+,男,大专,IT电子通信,低
416,食品,8:00-10:00,CCTV,30+,女,大专,金融保险,中
417,酒类,22:00-0:00,浙江卫视,20-30,女,大专,IT电子通信,低
418,酒类,8:00-10:00,东方卫视,20-30,女,大专,金融保险,低
419,酒类,20:00-22:00,CCTV,20-30,男,高中及以下,IT电子通信,低
420,食品,8:00-10:00,东方卫视,30+,男,大专,住宿旅游,中
421,酒类,16:00-18:00,东方卫视,30+,男,本科及以上,金融保险,高
422,酒类,20:00-22:00,浙江卫视,20-30,男,大专,教育,高
423,家用电器,8:00-10:00,CCTV,20-30,女,本科及以上,社会公共管理,高
424,酒类,2:00-4:00,CCTV,30+,男,本科及以上,医药卫生,高
425,邮电通讯,22:00-0:00,东方卫视,30+,男,大专,社会公共管理,中
426,酒类,16:00-18:00,东方卫视,30+,男,本科及以上,医药卫生,高
427,饮料,20:00-22:00,CCTV,20-30,女,本科及以上,教育,中
428,家用电器,8:00-10:00,CCTV,10-20,女,本科及以上,金融保险,中
429,家用电器,20:00-22:00,浙江卫视,30+,男,大专,社会公共管理,高
430,家用电器,20:00-22:00,湖南卫视,30+,男,高中及以下,IT电子通信,高
431,酒类,6:00-8:00,CCTV,30+,男,本科及以上,金融保险,高
432,家用电器,18:00-20:00,CCTV,10-20,女,本科及以上,教育,中
433,酒类,22:00-0:00,CCTV,30+,男,本科及以上,金融保险,中
434,饮料,2:00-4:00,CCTV,30+,男,本科及以上,IT电子通信,低
435,酒类,8:00-10:00,CCTV,10-20,女,本科及以上,金融保险,中
436,食品,0:00-2:00,浙江卫视,20-30,男,本科及以上,医药卫生,高
437,酒类,16:00-18:00,东方卫视,30+,男,本科及以上,IT电子通信,中
438,食品,2:00-4:00,浙江卫视,30+,男,本科及以上,医药卫生,低
439,饮料,20:00-22:00,湖南卫视,30+,男,本科及以上,医药卫生,中
440,邮电通讯,22:00-0:00,浙江卫视,0-10,女,本科及以上,社会公共管理,高
441,酒类,20:00-22:00,浙江卫视,30+,女,本科及以上,金融保险,低
442,酒类,20:00-22:00,浙江卫视,10-20,男,本科及以上,医药卫生,中
443,饮料,4:00-6:00,CCTV,20-30,女,本科及以上,医药卫生,低
444,酒类,2:00-4:00,东方卫视,20-30,女,本科及以上,住宿旅游,低
445,家用电器,22:00-0:00,CCTV,30+,女,本科及以上,教育,高
446,酒类,20:00-22:00,CCTV,30+,男,大专,IT电子通信,高
447,饮料,8:00-10:00,东方卫视,10-20,女,高中及以下,教育,高
448,食品,22:00-0:00,CCTV,30+,女,大专,IT电子通信,高
449,食品,20:00-22:00,CCTV,30+,女,本科及以上,医药卫生,高
450,家用电器,22:00-0:00,CCTV,30+,男,本科及以上,医药卫生,低
451,酒类,20:00-22:00,CCTV,10-20,男,大专,社会公共管理,高
452,饮料,22:00-0:00,东方卫视,30+,女,大专,教育,中
453,酒类,22:00-0:00,CCTV,30+,男,本科及以上,医药卫生,高
454,酒类,6:00-8:00,CCTV,20-30,女,高中及以下,金融保险,高
455,饮料,14:00-16:00,CCTV,10-20,男,本科及以上,教育,低
456,家用电器,20:00-22:00,CCTV,30+,女,大专,社会公共管理,低
457,酒类,20:00-22:00,CCTV,30+,女,大专,社会公共管理,中
458,饮料,4:00-6:00,CCTV,30+,女,本科及以上,医药卫生,高
459,饮料,22:00-0:00,CCTV,30+,男,大专,医药卫生,中
460,饮料,6:00-8:00,CCTV,30+,男,本科及以上,住宿旅游,高
461,食品,22:00-0:00,东方卫视,30+,男,本科及以上,医药卫生,低
462,食品,22:00-0:00,浙江卫视,20-30,女,本科及以上,金融保险,高
463,酒类,16:00-18:00,CCTV,20-30,男,大专,社会公共管理,高
464,饮料,8:00-10:00,浙江卫视,20-30,女,本科及以上,医药卫生,低
465,酒类,22:00-0:00,CCTV,0-10,男,本科及以上,社会公共管理,低
466,食品,22:00-0:00,浙江卫视,30+,男,本科及以上,IT电子通信,低
467,家用电器,14:00-16:00,CCTV,10-20,女,大专,教育,高
468,酒类,0:00-2:00,CCTV,30+,女,大专,教育,高
469,邮电通讯,14:00-16:00,CCTV,30+,男,本科及以上,医药卫生,高
470,邮电通讯,14:00-16:00,CCTV,30+,女,本科及以上,金融保险,低
471,酒类,4:00-6:00,浙江卫视,30+,男,本科及以上,社会公共管理,高
472,酒类,4:00-6:00,CCTV,10-20,女,本科及以上,IT电子通信,中
473,食品,0:00-2:00,CCTV,0-10,男,本科及以上,住宿旅游,高
474,家用电器,14:00-16:00,CCTV,10-20,女,本科及以上,住宿旅游,高
475,家用电器,18:00-20:00,湖南卫视,20-30,男,大专,社会公共管理,高
476,饮料,8:00-10:00,浙江卫视,0-10,女,本科及以上,住宿旅游,高
477,饮料,22:00-0:00,CCTV,10-20,女,大专,社会公共管理,高
478,饮料,14:00-16:00,CCTV,30+,女,本科及以上,社会公共管理,高
479,食品,8:00-10:00,CCTV,30+,男,本科及以上,教育,中
480,食品,22:00-0:00,东方卫视,30+,男,高中及以下,金融保险,中
481,饮料,22:00-0:00,CCTV,30+,女,本科及以上,教育,低
482,饮料,12:00-14:00,CCTV,30+,男,本科及以上,医药卫生,中
483,酒类,20:00-22:00,湖南卫视,30+,男,本科及以上,金融保险,低
484,酒类,18:00-20:00,CCTV,30+,女,大专,IT电子通信,高
485,食品,20:00-22:00,CCTV,10-20,女,本科及以上,IT电子通信,低
486,饮料,4:00-6:00,东方卫视,30+,男,本科及以上,医药卫生,高
487,家用电器,16:00-18:00,东方卫视,30+,女,高中及以下,IT电子通信,高
488,饮料,22:00-0:00,CCTV,0-10,男,本科及以上,金融保险,高
489,饮料,22:00-0:00,CCTV,30+,男,本科及以上,金融保险,高
490,酒类,20:00-22:00,东方卫视,20-30,男,本科及以上,住宿旅游,中
491,食品,20:00-22:00,东方卫视,10-20,女,本科及以上,医药卫生,高
492,饮料,20:00-22:00,东方卫视,30+,女,本科及以上,医药卫生,低
493,酒类,22:00-0:00,CCTV,10-20,男,本科及以上,社会公共管理,中
494,酒类,10:00-12:00,CCTV,30+,男,本科及以上,IT电子通信,低
495,酒类,14:00-16:00,CCTV,30+,男,本科及以上,医药卫生,中
496,饮料,20:00-22:00,CCTV,30+,女,本科及以上,医药卫生,低
497,家用电器,22:00-0:00,CCTV,30+,男,大专,金融保险,高
498,酒类,8:00-10:00,CCTV,0-10,女,高中及以下,住宿旅游,低
499,邮电通讯,20:00-22:00,浙江卫视,20-30,女,大专,教育,中
500,饮料,10:00-12:00,湖南卫视,20-30,男,高中及以下,住宿旅游,中
501,食品,20:00-22:00,CCTV,30+,女,本科及以上,金融保险,高
502,食品,20:00-22:00,CCTV,30+,男,本科及以上,医药卫生,低
503,食品,14:00-16:00,CCTV,10-20,女,高中及以下,金融保险,高
504,家用电器,22:00-0:00,CCTV,30+,女,本科及以上,社会公共管理,高
505,邮电通讯,8:00-10:00,湖南卫视,0-10,男,本科及以上,金融保险,中
506,酒类,22:00-0:00,湖南卫视,20-30,女,本科及以上,医药卫生,高
507,食品,20:00-22:00,东方卫视,30+,男,高中及以下,社会公共管理,高
508,饮料,20:00-22:00,浙江卫视,20-30,男,本科及以上,社会公共管理,高
509,家用电器,22:00-0:00,东方卫视,10-20,男,本科及以上,教育,低
510,酒类,20:00-22:00,CCTV,30+,男,大专,社会公共管理,高
511,饮料,18:00-20:00,CCTV,30+,女,本科及以上,社会公共管理,高
512,家用电器,20:00-22:00,CCTV,20-30,男,大专,IT电子通信,高
513,酒类,8:00-10:00,浙江卫视,10-20,男,大专,IT电子通信,高
514,家用电器,10:00-12:00,浙江卫视,30+,男,本科及以上,医药卫生,高
515,家用电器,22:00-0:00,东方卫视,30+,女,本科及以上,住宿旅游,高
516,饮料,22:00-0:00,CCTV,30+,男,大专,社会公共管理,高
517,食品,0:00-2:00,CCTV,30+,男,高中及以下,教育,高
518,酒类,20:00-22:00,CCTV,10-20,男,本科及以上,金融保险,低
519,饮料,12:00-14:00,CCTV,30+,女,本科及以上,金融保险,低
520,饮料,20:00-22:00,东方卫视,30+,男,大专,教育,中
521,酒类,22:00-0:00,浙江卫视,30+,男,高中及以下,社会公共管理,中
522,邮电通讯,22:00-0:00,CCTV,30+,男,本科及以上,住宿旅游,低
523,饮料,18:00-20:00,东方卫视,20-30,女,本科及以上,金融保险,中
524,酒类,22:00-0:00,CCTV,30+,男,本科及以上,教育,低
525,家用电器,22:00-0:00,CCTV,30+,男,本科及以上,金融保险,中
526,家用电器,18:00-20:00,CCTV,30+,女,本科及以上,金融保险,低
527,食品,14:00-16:00,湖南卫视,20-30,男,本科及以上,金融保险,高
528,邮电通讯,20:00-22:00,CCTV,30+,男,本科及以上,医药卫生,高
529,酒类,20:00-22:00,CCTV,30+,男,本科及以上,社会公共管理,中
530,酒类,2:00-4:00,湖南卫视,30+,女,大专,金融保险,高
531,酒类,4:00-6:00,浙江卫视,30+,男,本科及以上,社会公共管理,高
532,邮电通讯,2:00-4:00,CCTV,10-20,女,本科及以上,教育,中
533,食品,0:00-2:00,CCTV,10-20,男,本科及以上,IT电子通信,低
534,食品,22:00-0:00,湖南卫视,30+,女,本科及以上,金融保险,中
535,酒类,2:00-4:00,CCTV,20-30,男,大专,金融保险,中
536,酒类,10:00-12:00,CCTV,30+,女,大专,IT电子通信,低
537,饮料,22:00-0:00,CCTV,20-30,男,本科及以上,金融保险,低
538,饮料,16:00-18:00,CCTV,0-10,女,本科及以上,医药卫生,中
539,邮电通讯,10:00-12:00,CCTV,30+,男,高中及以下,住宿旅游,高
540,饮料,22:00-0:00,浙江卫视,30+,女,大专,教育,低
541,酒类,22:00-0:00,CCTV,30+,男,本科及以上,住宿旅游,中
542,饮料,10:00-12:00,CCTV,30+,女,大专,IT电子通信,中
543,饮料,18:00-20:00,CCTV,30+,男,大专,社会公共管理,中
544,酒类,4:00-6:00,CCTV,30+,女,本科及以上,社会公共管理,低
545,食品,20:00-22:00,CCTV,0-10,女,本科及以上,社会公共管理,低
546,酒类,20:00-22:00,CCTV,30+,女,大专,金融保险,高
547,酒类,12:00-14:00,东方卫视,30+,女,本科及以上,教育,中
548,食品,22:00-0:00,东方卫视,20-30,女,本科及以上,住宿旅游,低
549,食品,16:00-18:00,CCTV,20-30,男,大专,教育,中
550,食品,22:00-0:00,CCTV,30+,女,本科及以上,医药卫生,高
551,邮电通讯,6:00-8:00,浙江卫视,30+,女,本科及以上,住宿旅游,低
552,家用电器,22:00-0:00,东方卫视,10-20,女,大专,社会公共管理,高
553,饮料,12:00-14:00,CCTV,30+,女,本科及以上,医药卫生,中
554,酒类,22:00-0:00,CCTV,10-20,女,本科及以上,社会公共管理,中
555,邮电通讯,10:00-12:00,东方卫视,30+,女,本科及以上,住宿旅游,中
556,饮料,4:00-6:00,CCTV,30+,女,本科及以上,金融保险,中
557,食品,16:00-18:00,CCTV,20-30,女,本科及以上,医药卫生,高
558,家用电器,20:00-22:00,东方卫视,30+,女,本科及以上,教育,低
559,食品,22:00-0:00,东方卫视,30+,女,高中及以下,IT电子通信,高
560,家用电器,20:00-22:00,CCTV,30+,女,大专,金融保险,高
561,饮料,8:00-10:00,CCTV,20-30,女,大专,医药卫生,高
562,饮料,12:00-14:00,CCTV,30+,女,本科及以上,IT电子通信,中
563,酒类,22:00-0:00,东方卫视,10-20,男,本科及以上,社会公共管理,中
564,饮料,22:00-0:00,CCTV,30+,男,大专,金融保险,低
565,饮料,8:00-10:00,CCTV,20-30,男,本科及以上,教育,中
566,食品,2:00-4:00,CCTV,20-30,男,大专,住宿旅游,中
567,酒类,22:00-0:00,CCTV,30+,男,本科及以上,社会公共管理,低
568,饮料,12:00-14:00,CCTV,30+,女,本科及以上,教育,低
569,饮料,14:00-16:00,CCTV,10-20,男,本科及以上,教育,高
570,饮料,14:00-16:00,CCTV,30+,女,高中及以下,医药卫生,高
571,家用电器,22:00-0:00,东方卫视,10-20,男,本科及以上,IT电子通信,高
572,食品,2:00-4:00,CCTV,30+,女,大专,医药卫生,高
573,邮电通讯,18:00-20:00,CCTV,10-20,女,大专,住宿旅游,高
574,饮料,10:00-12:00,东方卫视,30+,女,大专,金融保险,高
575,食品,20:00-22:00,浙江卫视,30+,女,本科及以上,金融保险,低
576,酒类,8:00-10:00,浙江卫视,30+,男,大专,医药卫生,中
577,家用电器,4:00-6:00,东方卫视,30+,女,本科及以上,教育,中
578,饮料,0:00-2:00,CCTV,30+,女,本科及以上,医药卫生,中
579,酒类,18:00-20:00,CCTV,30+,女,本科及以上,住宿旅游,中
580,食品,8:00-10:00,CCTV,30+,男,大专,IT电子通信,高
581,饮料,6:00-8:00,浙江卫视,30+,女,大专,IT电子通信,低
582,饮料,22:00-0:00,湖南卫视,30+,女,本科及以上,住宿旅游,高
583,食品,20:00-22:00,CCTV,30+,女,本科及以上,金融保险,低
584,食品,22:00-0:00,CCTV,30+,女,本科及以上,住宿旅游,低
585,家用电器,4:00-6:00,CCTV,10-20,男,大专,医药卫生,高
586,食品,14:00-16:00,浙江卫视,20-30,男,本科及以上,金融保险,低
587,家用电器,20:00-22:00,湖南卫视,30+,女,高中及以下,金融保险,中
588,家用电器,20:00-22:00,CCTV,30+,男,大专,IT电子通信,中
589,酒类,20:00-22:00,CCTV,30+,男,本科及以上,金融保险,中
590,饮料,10:00-12:00,浙江卫视,10-20,女,本科及以上,金融保险,高
591,饮料,20:00-22:00,浙江卫视,30+,女,本科及以上,金融保险,中
592,邮电通讯,0:00-2:00,浙江卫视,0-10,男,本科及以上,教育,中
593,酒类,16:00-18:00,CCTV,30+,男,高中及以下,社会公共管理,中
594,酒类,22:00-0:00,浙江卫视,30+,女,高中及以下,医药卫生,低
595,食品,0:00-2:00,CCTV,30+,男,本科及以上,金融保险,低
596,家用电器,22:00-0:00,东方卫视,30+,女,高中及以下,社会公共管理,低
597,家用电器,22:00-0:00,东方卫视,30+,女,本科及以上,教育,中
598,饮料,22:00-0:00,CCTV,30+,男,本科及以上,金融保险,低
599,饮料,8:00-10:00,浙江卫视,30+,男,本科及以上,医药卫生,中
600,邮电通讯,2:00-4:00,东方卫视,10-20,男,本科及以上,医药卫生,中
601,食品,10:00-12:00,CCTV,0-10,男,大专,医药卫生,中
602,酒类,8:00-10:00,东方卫视,30+,男,本科及以上,医药卫生,高
603,饮料,20:00-22:00,CCTV,30+,女,大专,社会公共管理,低
604,食品,20:00-22:00,东方卫视,30+,男,本科及以上,社会公共管理,高
605,饮料,8:00-10:00,湖南卫视,20-30,男,高中及以下,金融保险,中
606,家用电器,22:00-0:00,CCTV,30+,女,大专,教育,低
607,酒类,20:00-22:00,CCTV,10-20,男,本科及以上,医药卫生,低
608,酒类,6:00-8:00,湖南卫视,30+,女,本科及以上,IT电子通信,高
609,饮料,18:00-20:00,CCTV,30+,女,大专,金融保险,高
610,酒类,22:00-0:00,东方卫视,30+,女,大专,住宿旅游,中
611,饮料,0:00-2:00,CCTV,30+,男,本科及以上,IT电子通信,中
612,饮料,20:00-22:00,CCTV,10-20,男,大专,教育,低
613,酒类,4:00-6:00,CCTV,20-30,男,高中及以下,教育,低
614,食品,8:00-10:00,浙江卫视,30+,女,大专,金融保险,低
615,酒类,20:00-22:00,浙江卫视,10-20,男,本科及以上,社会公共管理,高
616,饮料,20:00-22:00,浙江卫视,20-30,男,本科及以上,教育,低
617,家用电器,22:00-0:00,CCTV,30+,男,高中及以下,医药卫生,中
618,家用电器,14:00-16:00,浙江卫视,30+,女,本科及以上,医药卫生,高
619,邮电通讯,0:00-2:00,浙江卫视,20-30,男,高中及以下,金融保险,中
620,饮料,0:00-2:00,东方卫视,0-10,女,高中及以下,医药卫生,高
621,饮料,20:00-22:00,CCTV,30+,女,本科及以上,教育,低
622,食品,20:00-22:00,CCTV,20-30,男,本科及以上,医药卫生,低
623,酒类,16:00-18:00,CCTV,0-10,女,高中及以下,教育,中
624,酒类,20:00-22:00,CCTV,30+,女,高中及以下,医药卫生,低
625,酒类,20:00-22:00,CCTV,30+,女,本科及以上,医药卫生,中
626,饮料,22:00-0:00,CCTV,30+,女,高中及以下,IT电子通信,低
627,酒类,22:00-0:00,CCTV,30+,男,本科及以上,IT电子通信,低
628,酒类,22:00-0:00,浙江卫视,10-20,女,大专,住宿旅游,中
629,食品,6:00-8:00,浙江卫视,0-10,男,高中及以下,医药卫生,高
630,酒类,16:00-18:00,CCTV,30+,女,高中及以下,教育,中
631,家用电器,20:00-22:00,CCTV,20-30,女,高中及以下,住宿旅游,高
632,家用电器,6:00-8:00,CCTV,30+,女,大专,社会公共管理,高
633,食品,2:00-4:00,CCTV,30+,女,本科及以上,社会公共管理,中
634,酒类,8:00-10:00,浙江卫视,30+,男,高中及以下,教育,中
635,酒类,22:00-0:00,湖南卫视,30+,女,大专,社会公共管理,中
636,食品,16:00-18:00,浙江卫视,30+,男,大专,社会公共管理,中
637,家用电器,12:00-14:00,CCTV,10-20,女,本科及以上,教育,高
638,酒类,2:00-4:00,浙江卫视,30+,女,本科及以上,医药卫生,中
639,食品,20:00-22:00,CCTV,30+,男,高中及以下,教育,低
640,食品,14:00-16:00,东方卫视,30+,女,本科及以上,社会公共管理,高
641,饮料,10:00-12:00,CCTV,10-20,男,本科及以上,教育,中
642,食品,4:00-6:00,CCTV,10-20,男,大专,IT电子通信,低
643,邮电通讯,20:00-22:00,东方卫视,30+,男,本科及以上,IT电子通信,中
644,饮料,6:00-8:00,CCTV,30+,男,大专,医药卫生,中
645,酒类,8:00-10:00,浙江卫视,30+,男,本科及以上,IT电子通信,中
646,酒类,6:00-8:00,CCTV,30+,男,大专,医药卫生,高
647,家用电器,8:00-10:00,CCTV,30+,男,高中及以下,社会公共管理,高
648,食品,16:00-18:00,湖南卫视,20-30,女,大专,教育,高
649,邮电通讯,8:00-10:00,东方卫视,30+,男,大专,住宿旅游,中
650,食品,16:00-18:00,CCTV,10-20,男,本科及以上,金融保险,低
651,食品,22:00-0:00,CCTV,10-20,女,大专,社会公共管理,低
652,酒类,16:00-18:00,CCTV,10-20,男,高中及以下,住宿旅游,中
653,饮料,18:00-20:00,浙江卫视,30+,男,大专,教育,低
654,酒类,14:00-16:00,CCTV,10-20,男,本科及以上,住宿旅游,低
655,酒类,22:00-0:00,浙江卫视,20-30,女,高中及以下,IT电子通信,中
656,家用电器,18:00-20:00,CCTV,10-20,女,本科及以上,住宿旅游,高
657,家用电器,22:00-0:00,CCTV,0-10,男,本科及以上,住宿旅游,中
658,饮料,22:00-0:00,CCTV,30+,女,本科及以上,住宿旅游,高
659,邮电通讯,2:00-4:00,CCTV,20-30,女,本科及以上,住宿旅游,低
660,酒类,22:00-0:00,CCTV,30+,女,本科及以上,金融保险,低
661,饮料,8:00-10:00,湖南卫视,30+,男,高中及以下,金融保险,中
662,家用电器,20:00-22:00,CCTV,20-30,女,本科及以上,教育,中
663,酒类,0:00-2:00,CCTV,20-30,女,本科及以上,医药卫生,中
664,酒类,18:00-20:00,CCTV,30+,女,本科及以上,社会公共管理,高
665,邮电通讯,22:00-0:00,浙江卫视,10-20,男,本科及以上,住宿旅游,高
666,酒类,4:00-6:00,CCTV,20-30,女,本科及以上,医药卫生,中
667,食品,8:00-10:00,CCTV,30+,女,本科及以上,教育,高
668,酒类,8:00-10:00,CCTV,30+,女,本科及以上,社会公共管理,低
669,饮料,0:00-2:00,CCTV,10-20,女,大专,社会公共管理,低
670,邮电通讯,8:00-10:00,东方卫视,10-20,男,大专,金融保险,高
671,酒类,0:00-2:00,CCTV,30+,男,本科及以上,社会公共管理,高
672,饮料,14:00-16:00,CCTV,30+,女,本科及以上,教育,高
673,食品,22:00-0:00,CCTV,20-30,女,高中及以下,住宿旅游,高
674,食品,16:00-18:00,CCTV,20-30,男,本科及以上,IT电子通信,中
675,家用电器,22:00-0:00,湖南卫视,30+,男,本科及以上,医药卫生,高
676,酒类,18:00-20:00,东方卫视,10-20,女,大专,金融保险,高
677,饮料,6:00-8:00,CCTV,30+,女,本科及以上,社会公共管理,高
678,饮料,22:00-0:00,CCTV,10-20,男,本科及以上,IT电子通信,中
679,邮电通讯,16:00-18:00,CCTV,30+,女,本科及以上,教育,高
680,邮电通讯,10:00-12:00,浙江卫视,20-30,男,本科及以上,金融保险,高
681,食品,10:00-12:00,CCTV,10-20,男,高中及以下,住宿旅游,低
682,酒类,8:00-10:00,CCTV,10-20,男,大专,医药卫生,中
683,酒类,6:00-8:00,CCTV,10-20,女,本科及以上,社会公共管理,低
684,酒类,4:00-6:00,CCTV,10-20,女,本科及以上,金融保险,高
685,家用电器,14:00-16:00,CCTV,20-30,女,大专,医药卫生,中
686,食品,20:00-22:00,CCTV,10-20,男,本科及以上,社会公共管理,中
687,饮料,20:00-22:00,东方卫视,20-30,女,本科及以上,住宿旅游,高
688,饮料,12:00-14:00,CCTV,30+,女,大专,金融保险,高
689,酒类,6:00-8:00,CCTV,30+,女,高中及以下,社会公共管理,高
690,家用电器,18:00-20:00,CCTV,30+,女,本科及以上,金融保险,高
691,家用电器,16:00-18:00,浙江卫视,20-30,女,本科及以上,教育,中
692,家用电器,4:00-6:00,CCTV,20-30,女,大专,教育,高
693,食品,8:00-10:00,CCTV,30+,女,本科及以上,金融保险,中
694,酒类,22:00-0:00,东方卫视,10-20,女,本科及以上,医药卫生,中
695,家用电器,8:00-10:00,湖南卫视,30+,女,高中及以下,社会公共管理,中
696,食品,22:00-0:00,东方卫视,0-10,女,本科及以上,金融保险,低
697,食品,4:00-6:00,CCTV,30+,男,本科及以上,IT电子通信,高
698,食品,8:00-10:00,CCTV,30+,女,大专,金融保险,中
699,酒类,20:00-22:00,东方卫视,30+,男,高中及以下,医药卫生,中
700,饮料,22:00-0:00,CCTV,0-10,女,本科及以上,社会公共管理,高
701,食品,6:00-8:00,东方卫视,20-30,女,大专,金融保险,中
702,家用电器,20:00-22:00,CCTV,20-30,女,大专,教育,低
703,酒类,8:00-10:00,CCTV,20-30,女,本科及以上,社会公共管理,高
704,饮料,14:00-16:00,CCTV,30+,女,本科及以上,IT电子通信,低
705,酒类,0:00-2:00,东方卫视,30+,男,本科及以上,住宿旅游,高
706,饮料,6:00-8:00,CCTV,10-20,女,本科及以上,金融保险,中
707,邮电通讯,20:00-22:00,CCTV,30+,男,本科及以上,IT电子通信,高
708,食品,22:00-0:00,东方卫视,20-30,女,大专,金融保险,低
709,家用电器,10:00-12:00,CCTV,20-30,男,本科及以上,住宿旅游,中
710,家用电器,22:00-0:00,东方卫视,30+,女,大专,IT电子通信,低
711,酒类,16:00-18:00,CCTV,30+,女,本科及以上,教育,低
712,食品,22:00-0:00,东方卫视,30+,女,本科及以上,IT电子通信,高
713,食品,10:00-12:00,CCTV,20-30,女,高中及以下,社会公共管理,高
714,食品,10:00-12:00,CCTV,30+,女,大专,社会公共管理,低
715,酒类,6:00-8:00,湖南卫视,0-10,男,大专,教育,低
716,家用电器,18:00-20:00,东方卫视,30+,男,本科及以上,IT电子通信,高
717,酒类,4:00-6:00,湖南卫视,0-10,男,本科及以上,社会公共管理,中
718,邮电通讯,6:00-8:00,CCTV,30+,男,本科及以上,IT电子通信,高
719,邮电通讯,20:00-22:00,CCTV,20-30,男,大专,社会公共管理,中
720,邮电通讯,8:00-10:00,CCTV,20-30,男,本科及以上,IT电子通信,低
721,食品,20:00-22:00,CCTV,30+,男,大专,教育,高
722,食品,22:00-0:00,CCTV,30+,女,本科及以上,医药卫生,高
723,饮料,0:00-2:00,CCTV,30+,男,高中及以下,教育,低
724,饮料,4:00-6:00,东方卫视,10-20,女,大专,社会公共管理,中
725,食品,22:00-0:00,浙江卫视,30+,女,大专,社会公共管理,高
726,饮料,22:00-0:00,CCTV,30+,男,大专,社会公共管理,高
727,酒类,20:00-22:00,CCTV,30+,男,本科及以上,社会公共管理,低
728,食品,22:00-0:00,浙江卫视,10-20,男,大专,医药卫生,低
729,酒类,20:00-22:00,东方卫视,0-10,男,本科及以上,医药卫生,低
730,酒类,2:00-4:00,CCTV,10-20,男,大专,教育,高
731,饮料,8:00-10:00,浙江卫视,30+,女,本科及以上,医药卫生,低
732,食品,22:00-0:00,东方卫视,30+,女,本科及以上,住宿旅游,高
733,家用电器,20:00-22:00,东方卫视,30+,女,本科及以上,IT电子通信,中
734,酒类,18:00-20:00,CCTV,30+,女,大专,IT电子通信,高
735,食品,2:00-4:00,东方卫视,30+,男,本科及以上,教育,中
736,饮料,22:00-0:00,东方卫视,20-30,男,大专,社会公共管理,中
737,食品,14:00-16:00,CCTV,30+,男,本科及以上,社会公共管理,高
738,饮料,18:00-20:00,CCTV,30+,男,高中及以下,IT电子通信,中
739,食品,18:00-20:00,CCTV,30+,女,本科及以上,住宿旅游,低
740,酒类,22:00-0:00,湖南卫视,10-20,女,本科及以上,金融保险,高
741,食品,8:00-10:00,CCTV,30+,男,本科及以上,金融保险,低
742,酒类,22:00-0:00,浙江卫视,30+,男,高中及以下,教育,高
743,酒类,8:00-10:00,浙江卫视,30+,女,本科及以上,住宿旅游,低
744,酒类,0:00-2:00,CCTV,30+,女,高中及以下,教育,高
745,饮料,16:00-18:00,CCTV,20-30,女,本科及以上,医药卫生,中
746,家用电器,0:00-2:00,CCTV,30+,女,本科及以上,社会公共管理,中
747,食品,20:00-22:00,CCTV,20-30,女,本科及以上,教育,低
748,酒类,0:00-2:00,CCTV,20-30,男,大专,医药卫生,低
749,邮电通讯,8:00-10:00,CCTV,30+,男,本科及以上,住宿旅游,中
750,食品,6:00-8:00,CCTV,30+,男,本科及以上,住宿旅游,中
751,食品,4:00-6:00,东方卫视,30+,女,大专,金融保险,低
752,饮料,20:00-22:00,浙江卫视,30+,女,本科及以上,社会公共管理,高
753,饮料,16:00-18:00,东方卫视,30+,女,高中及以下,金融保险,中
754,酒类,22:00-0:00,东方卫视,10-20,男,本科及以上,社会公共管理,低
755,酒类,22:00-0:00,浙江卫视,30+,男,本科及以上,社会公共管理,中
756,饮料,4:00-6:00,CCTV,30+,男,大专,金融保险,低
757,酒类,16:00-18:00,CCTV,0-10,男,本科及以上,医药卫生,中
758,邮电通讯,20:00-22:00,东方卫视,20-30,男,本科及以上,住宿旅游,低
759,酒类,16:00-18:00,CCTV,30+,女,本科及以上,医药卫生,高
760,食品,22:00-0:00,CCTV,20-30,女,本科及以上,住宿旅游,低
761,家用电器,18:00-20:00,浙江卫视,30+,女,本科及以上,医药卫生,低
762,饮料,20:00-22:00,CCTV,20-30,男,本科及以上,社会公共管理,高
763,饮料,0:00-2:00,浙江卫视,30+,男,大专,社会公共管理,中
764,酒类,10:00-12:00,湖南卫视,30+,女,本科及以上,医药卫生,高
765,酒类,22:00-0:00,东方卫视,30+,女,本科及以上,金融保险,高
766,饮料,16:00-18:00,CCTV,30+,女,本科及以上,社会公共管理,低
767,家用电器,18:00-20:00,东方卫视,10-20,女,本科及以上,金融保险,中
768,食品,16:00-18:00,CCTV,30+,女,高中及以下,住宿旅游,中
769,饮料,8:00-10:00,CCTV,30+,男,本科及以上,IT电子通信,高
770,食品,0:00-2:00,东方卫视,30+,男,高中及以下,教育,高
771,酒类,12:00-14:00,东方卫视,30+,男,高中及以下,IT电子通信,低
772,酒类,20:00-22:00,浙江卫视,30+,女,高中及以下,医药卫生,低
773,邮电通讯,12:00-14:00,CCTV,20-30,男,本科及以上,金融保险,中
774,食品,8:00-10:00,CCTV,0-10,女,大专,金融保险,中
775,酒类,18:00-20:00,东方卫视,20-30,女,本科及以上,医药卫生,低
776,邮电通讯,22:00-0:00,CCTV,30+,男,本科及以上,住宿旅游,高
777,酒类,22:00-0:00,湖南卫视,30+,女,大专,住宿旅游,中
778,食品,16:00-18:00,CCTV,30+,女,本科及以上,金融保险,中
779,酒类,22:00-0:00,浙江卫视,30+,女,本科及以上,教育,高
780,饮料,10:00-12:00,CCTV,30+,女,本科及以上,住宿旅游,高
781,食品,22:00-0:00,CCTV,30+,女,本科及以上,住宿旅游,低
782,食品,20:00-22:00,东方卫视,10-20,男,本科及以上,社会公共管理,中
783,酒类,22:00-0:00,CCTV,30+,女,大专,教育,高
784,酒类,22:00-0:00,CCTV,30+,男,本科及以上,金融保险,低
785,食品,20:00-22:00,浙江卫视,30+,女,高中及以下,金融保险,低
786,饮料,22:00-0:00,CCTV,30+,男,本科及以上,社会公共管理,低
787,邮电通讯,22:00-0:00,东方卫视,0-10,男,大专,医药卫生,高
788,酒类,22:00-0:00,CCTV,30+,女,本科及以上,医药卫生,高
789,饮料,18:00-20:00,东方卫视,30+,女,本科及以上,社会公共管理,高
790,酒类,16:00-18:00,CCTV,0-10,女,大专,IT电子通信,高
791,饮料,14:00-16:00,东方卫视,30+,女,大专,IT电子通信,高
792,饮料,10:00-12:00,CCTV,30+,男,本科及以上,住宿旅游,高
793,食品,18:00-20:00,CCTV,0-10,女,本科及以上,社会公共管理,高
794,饮料,20:00-22:00,浙江卫视,20-30,女,高中及以下,医药卫生,低
795,食品,8:00-10:00,浙江卫视,10-20,女,本科及以上,IT电子通信,低
796,食品,8:00-10:00,CCTV,30+,男,大专,社会公共管理,高
797,家用电器,20:00-22:00,CCTV,0-10,女,本科及以上,社会公共管理,低
798,酒类,4:00-6:00,CCTV,30+,女,本科及以上,金融保险,中
799,酒类,16:00-18:00,湖南卫视,0-10,女,高中及以下,IT电子通信,高
800,家用电器,22:00-0:00,CCTV,30+,男,本科及以上,社会公共管理,高
801,家用电器,6:00-8:00,CCTV,30+,男,本科及以上,IT电子通信,高
802,酒类,8:00-10:00,CCTV,30+,女,本科及以上,IT电子通信,中
803,食品,14:00-16:00,浙江卫视,30+,女,高中及以下,IT电子通信,高
804,食品,16:00-18:00,CCTV,20-30,女,大专,金融保险,中
805,饮料,8:00-10:00,CCTV,30+,男,本科及以上,教育,低
806,食品,22:00-0:00,湖南卫视,20-30,男,本科及以上,金融保险,高
807,酒类,4:00-6:00,CCTV,30+,男,本科及以上,社会公共管理,低
808,饮料,22:00-0:00,CCTV,10-20,男,本科及以上,社会公共管理,高
809,酒类,22:00-0:00,东方卫视,20-30,男,大专,金融保险,高
810,食品,4:00-6:00,CCTV,30+,男,高中及以下,社会公共管理,中
811,家用电器,10:00-12:00,CCTV,20-30,男,高中及以下,社会公共管理,低
812,饮料,22:00-0:00,CCTV,30+,女,本科及以上,教育,中
813,饮料,2:00-4:00,CCTV,30+,男,本科及以上,IT电子通信,中
814,家用电器,22:00-0:00,东方卫视,30+,男,本科及以上,教育,高
815,饮料,10:00-12:00,湖南卫视,30+,女,本科及以上,金融保险,低
816,酒类,16:00-18:00,CCTV,30+,男,本科及以上,住宿旅游,高
817,酒类,22:00-0:00,CCTV,20-30,男,高中及以下,教育,低
818,酒类,16:00-18:00,CCTV,30+,男,大专,金融保险,低
819,食品,16:00-18:00,浙江卫视,10-20,女,本科及以上,社会公共管理,高
820,邮电通讯,14:00-16:00,CCTV,0-10,男,高中及以下,金融保险,低
821,邮电通讯,8:00-10:00,CCTV,30+,男,大专,金融保险,高
822,酒类,14:00-16:00,东方卫视,0-10,女,本科及以上,社会公共管理,低
823,食品,22:00-0:00,CCTV,10-20,男,大专,医药卫生,中
824,食品,22:00-0:00,CCTV,30+,女,大专,社会公共管理,中
825,邮电通讯,16:00-18:00,CCTV,30+,男,本科及以上,IT电子通信,低
826,饮料,20:00-22:00,CCTV,0-10,女,本科及以上,住宿旅游,中
827,酒类,22:00-0:00,东方卫视,30+,女,本科及以上,社会公共管理,低
828,饮料,20:00-22:00,CCTV,10-20,男,本科及以上,社会公共管理,中
829,食品,16:00-18:00,湖南卫视,30+,女,本科及以上,金融保险,中
830,家用电器,22:00-0:00,CCTV,20-30,女,本科及以上,社会公共管理,高
831,饮料,20:00-22:00,CCTV,0-10,女,大专,教育,高
832,食品,20:00-22:00,CCTV,30+,女,本科及以上,住宿旅游,低
833,邮电通讯,2:00-4:00,CCTV,0-10,女,大专,住宿旅游,中
834,饮料,12:00-14:00,东方卫视,30+,男,高中及以下,教育,高
835,邮电通讯,22:00-0:00,CCTV,20-30,女,大专,金融保险,中
836,邮电通讯,20:00-22:00,东方卫视,0-10,男,本科及以上,住宿旅游,高
837,饮料,0:00-2:00,东方卫视,30+,男,大专,IT电子通信,高
838,饮料,10:00-12:00,CCTV,30+,女,本科及以上,医药卫生,低
839,邮电通讯,16:00-18:00,东方卫视,10-20,女,本科及以上,医药卫生,高
840,饮料,22:00-0:00,湖南卫视,30+,女,本科及以上,医药卫生,高
841,食品,14:00-16:00,CCTV,0-10,女,本科及以上,金融保险,中
842,食品,20:00-22:00,浙江卫视,10-20,男,本科及以上,教育,低
843,邮电通讯,22:00-0:00,浙江卫视,30+,女,高中及以下,教育,高
844,食品,22:00-0:00,东方卫视,20-30,男,高中及以下,社会公共管理,低
845,食品,2:00-4:00,CCTV,20-30,女,大专,住宿旅游,低
846,食品,0:00-2:00,东方卫视,20-30,女,本科及以上,金融保险,中
847,食品,16:00-18:00,CCTV,30+,女,本科及以上,社会公共管理,高
848,食品,10:00-12:00,东方卫视,20-30,男,高中及以下,IT电子通信,中
849,酒类,22:00-0:00,湖南卫视,30+,女,大专,住宿旅游,高
850,饮料,22:00-0:00,CCTV,0-10,男,高中及以下,住宿旅游,中
851,饮料,16:00-18:00,CCTV,20-30,女,大专,住宿旅游,低
852,饮料,20:00-22:00,CCTV,30+,男,本科及以上,住宿旅游,高
853,酒类,14:00-16:00,CCTV,30+,女,大专,IT电子通信,高
854,食品,8:00-10:00,CCTV,30+,女,本科及以上,医药卫生,高
855,酒类,8:00-10:00,CCTV,30+,男,高中及以下,教育,高
856,酒类,20:00-22:00,CCTV,30+,女,大专,金融保险,中
857,食品,20:00-22:00,CCTV,10-20,女,大专,金融保险,中
858,饮料,4:00-6:00,CCTV,30+,女,本科及以上,教育,高
859,食品,16:00-18:00,CCTV,30+,女,大专,医药卫生,中
860,家用电器,22:00-0:00,浙江卫视,20-30,男,本科及以上,社会公共管理,高
861,家用电器,20:00-22:00,CCTV,30+,女,大专,社会公共管理,高
862,食品,20:00-22:00,CCTV,20-30,男,本科及以上,社会公共管理,低
863,饮料,22:00-0:00,CCTV,20-30,女,本科及以上,社会公共管理,中
864,食品,14:00-16:00,东方卫视,10-20,男,本科及以上,IT电子通信,高
865,酒类,18:00-20:00,CCTV,30+,女,高中及以下,社会公共管理,低
866,酒类,10:00-12:00,CCTV,30+,女,大专,IT电子通信,低
867,饮料,10:00-12:00,东方卫视,20-30,男,本科及以上,社会公共管理,中
868,食品,16:00-18:00,CCTV,30+,女,大专,社会公共管理,高
869,酒类,20:00-22:00,CCTV,30+,男,大专,住宿旅游,中
870,食品,22:00-0:00,CCTV,30+,男,本科及以上,金融保险,高
871,酒类,22:00-0:00,东方卫视,30+,女,本科及以上,医药卫生,低
872,家用电器,10:00-12:00,湖南卫视,30+,女,本科及以上,金融保险,高
873,酒类,4:00-6:00,浙江卫视,10-20,女,大专,IT电子通信,低
874,饮料,10:00-12:00,东方卫视,30+,女,本科及以上,金融保险,低
875,食品,22:00-0:00,CCTV,10-20,女,本科及以上,社会公共管理,低
876,家用电器,10:00-12:00,CCTV,20-30,男,本科及以上,住宿旅游,高
877,酒类,20:00-22:00,浙江卫视,0-10,女,本科及以上,IT电子通信,低
878,酒类,16:00-18:00,CCTV,30+,男,大专,住宿旅游,低
879,食品,22:00-0:00,CCTV,20-30,男,本科及以上,住宿旅游,高
880,家用电器,18:00-20:00,CCTV,30+,男,大专,医药卫生,低
881,家用电器,12:00-14:00,东方卫视,30+,女,本科及以上,社会公共管理,高
882,酒类,22:00-0:00,CCTV,20-30,男,大专,住宿旅游,低
883,家用电器,18:00-20:00,东方卫视,10-20,女,大专,教育,高
884,酒类,8:00-10:00,东方卫视,30+,男,本科及以上,教育,低
885,邮电通讯,20:00-22:00,CCTV,20-30,女,本科及以上,住宿旅游,高
886,食品,22:00-0:00,CCTV,10-20,男,本科及以上,住宿旅游,高
887,饮料,20:00-22:00,CCTV,10-20,女,大专,IT电子通信,低
888,饮料,0:00-2:00,湖南卫视,30+,女,高中及以下,医药卫生,中
889,食品,10:00-12:00,浙江卫视,10-20,男,本科及以上,金融保险,高
890,食品,2:00-4:00,CCTV,30+,女,大专,社会公共管理,低
891,酒类,20:00-22:00,CCTV,30+,男,本科及以上,教育,高
892,饮料,22:00-0:00,CCTV,30+,男,本科及以上,住宿旅游,中
893,酒类,22:00-0:00,湖南卫视,30+,女,本科及以上,社会公共管理,中
894,食品,20:00-22:00,浙江卫视,30+,男,本科及以上,教育,低
895,食品,22:00-0:00,浙江卫视,20-30,女,本科及以上,住宿旅游,中
896,酒类,2:00-4:00,东方卫视,30+,女,本科及以上,住宿旅游,低
897,食品,8:00-10:00,东方卫视,30+,女,本科及以上,医药卫生,中
898,酒类,10:00-12:00,湖南卫视,10-20,女,本科及以上,社会公共管理,高
899,酒类,22:00-0:00,浙江卫视,20-30,女,本科及以上,社会公共管理,低
900,食品,14:00-16:00,CCTV,30+,男,本科及以上,医药卫生,中
901,酒类,10:00-12:00,CCTV,30+,男,高中及以下,IT电子通信,中
902,饮料,22:00-0:00,浙江卫视,30+,女,本科及以上,医药卫生,低
903,饮料,20:00-22:00,CCTV,30+,女,大专,金融保险,中
904,酒类,22:00-0:00,CCTV,20-30,男,大专,金融保险,高
905,饮料,0:00-2:00,浙江卫视,30+,男,本科及以上,IT电子通信,低
906,饮料,14:00-16:00,CCTV,30+,女,本科及以上,医药卫生,中
907,食品,14:00-16:00,东方卫视,10-20,男,本科及以上,教育,高
908,食品,0:00-2:00,CCTV,0-10,男,本科及以上,住宿旅游,中
909,食品,22:00-0:00,CCTV,30+,女,大专,IT电子通信,中
910,酒类,18:00-20:00,浙江卫视,30+,女,本科及以上,社会公共管理,高
911,家用电器,20:00-22:00,东方卫视,30+,男,本科及以上,医药卫生,低
912,家用电器,18:00-20:00,湖南卫视,20-30,女,本科及以上,金融保险,低
913,饮料,18:00-20:00,湖南卫视,30+,男,本科及以上,教育,高
914,酒类,20:00-22:00,CCTV,20-30,女,本科及以上,金融保险,高
915,饮料,10:00-12:00,浙江卫视,10-20,女,本科及以上,社会公共管理,高
916,邮电通讯,6:00-8:00,CCTV,30+,男,大专,金融保险,低
917,酒类,22:00-0:00,CCTV,30+,女,高中及以下,住宿旅游,中
918,酒类,20:00-22:00,东方卫视,30+,女,本科及以上,社会公共管理,低
919,家用电器,2:00-4:00,CCTV,30+,男,高中及以下,IT电子通信,中
920,饮料,16:00-18:00,浙江卫视,20-30,男,大专,社会公共管理,低
921,邮电通讯,22:00-0:00,CCTV,10-20,女,大专,IT电子通信,高
922,食品,16:00-18:00,东方卫视,30+,男,本科及以上,金融保险,中
923,酒类,6:00-8:00,浙江卫视,30+,女,本科及以上,住宿旅游,高
924,食品,4:00-6:00,CCTV,30+,女,高中及以下,IT电子通信,高
925,家用电器,12:00-14:00,CCTV,30+,男,本科及以上,住宿旅游,高
926,饮料,22:00-0:00,CCTV,30+,女,本科及以上,IT电子通信,高
927,邮电通讯,22:00-0:00,CCTV,30+,女,高中及以下,住宿旅游,高
928,饮料,4:00-6:00,东方卫视,30+,女,本科及以上,金融保险,高
929,酒类,18:00-20:00,CCTV,20-30,男,本科及以上,社会公共管理,低
930,酒类,20:00-22:00,CCTV,30+,男,高中及以下,金融保险,高
931,食品,20:00-22:00,CCTV,20-30,女,高中及以下,住宿旅游,低
932,家用电器,8:00-10:00,浙江卫视,10-20,男,本科及以上,金融保险,高
933,酒类,6:00-8:00,浙江卫视,30+,男,高中及以下,社会公共管理,中
934,食品,22:00-0:00,东方卫视,30+,女,大专,金融保险,高
935,食品,2:00-4:00,东方卫视,30+,男,高中及以下,住宿旅游,高
936,食品,22:00-0:00,CCTV,30+,男,大专,教育,低
937,饮料,4:00-6:00,CCTV,10-20,男,本科及以上,IT电子通信,高
938,食品,22:00-0:00,CCTV,10-20,男,大专,金融保险,低
939,邮电通讯,4:00-6:00,CCTV,30+,男,大专,社会公共管理,高
940,饮料,20:00-22:00,CCTV,20-30,女,本科及以上,IT电子通信,高
941,酒类,20:00-22:00,CCTV,30+,女,本科及以上,IT电子通信,低
942,邮电通讯,8:00-10:00,东方卫视,30+,男,高中及以下,医药卫生,高
943,酒类,20:00-22:00,浙江卫视,20-30,男,大专,住宿旅游,低
944,家用电器,20:00-22:00,东方卫视,30+,女,大专,IT电子通信,低
945,酒类,22:00-0:00,CCTV,30+,男,大专,住宿旅游,中
946,食品,20:00-22:00,东方卫视,30+,女,本科及以上,住宿旅游,低
947,邮电通讯,22:00-0:00,东方卫视,30+,女,大专,IT电子通信,中
948,饮料,4:00-6:00,CCTV,30+,女,高中及以下,医药卫生,低
949,食品,4:00-6:00,浙江卫视,30+,男,本科及以上,教育,高
950,饮料,16:00-18:00,浙江卫视,30+,女,本科及以上,IT电子通信,高
951,食品,14:00-16:00,东方卫视,30+,女,本科及以上,医药卫生,低
952,饮料,22:00-0:00,东方卫视,20-30,女,本科及以上,金融保险,中
953,家用电器,16:00-18:00,CCTV,10-20,女,高中及以下,社会公共管理,高
954,家用电器,16:00-18:00,东方卫视,20-30,男,本科及以上,住宿旅游,高
955,饮料,18:00-20:00,东方卫视,20-30,男,本科及以上,教育,低
956,饮料,22:00-0:00,CCTV,30+,男,本科及以上,金融保险,高
957,酒类,6:00-8:00,东方卫视,30+,男,本科及以上,教育,高
958,食品,22:00-0:00,CCTV,30+,女,本科及以上,教育,高
959,酒类,22:00-0:00,CCTV,30+,男,高中及以下,IT电子通信,中
960,酒类,22:00-0:00,CCTV,0-10,女,大专,教育,低
961,酒类,8:00-10:00,浙江卫视,20-30,男,本科及以上,金融保险,高
962,酒类,22:00-0:00,CCTV,10-20,男,大专,IT电子通信,高
963,邮电通讯,0:00-2:00,CCTV,30+,男,大专,金融保险,中
964,饮料,22:00-0:00,CCTV,30+,男,本科及以上,社会公共管理,中
965,家用电器,22:00-0:00,CCTV,30+,女,本科及以上,IT电子通信,高
966,饮料,22:00-0:00,CCTV,20-30,男,本科及以上,金融保险,低
967,食品,8:00-10:00,CCTV,10-20,女,本科及以上,医药卫生,高
968,酒类,22:00-0:00,东方卫视,10-20,女,大专,住宿旅游,高
969,食品,22:00-0:00,CCTV,30+,女,大专,金融保险,高
970,酒类,8:00-10:00,东方卫视,30+,女,本科及以上,社会公共管理,中
971,食品,0:00-2:00,东方卫视,10-20,男,高中及以下,教育,中
972,家用电器,14:00-16:00,CCTV,30+,男,本科及以上,IT电子通信,高
973,酒类,22:00-0:00,浙江卫视,0-10,男,本科及以上,金融保险,高
974,邮电通讯,0:00-2:00,CCTV,10-20,男,大专,金融保险,高
975,酒类,8:00-10:00,CCTV,0-10,女,本科及以上,住宿旅游,中
976,酒类,22:00-0:00,CCTV,30+,女,本科及以上,金融保险,高
977,酒类,22:00-0:00,CCTV,10-20,女,高中及以下,IT电子通信,低
978,饮料,0:00-2:00,CCTV,30+,女,高中及以下,住宿旅游,低
979,家用电器,16:00-18:00,CCTV,30+,男,本科及以上,医药卫生,高
980,酒类,20:00-22:00,东方卫视,30+,女,本科及以上,医药卫生,高
981,食品,22:00-0:00,CCTV,30+,女,大专,教育,高
982,邮电通讯,2:00-4:00,浙江卫视,20-30,女,本科及以上,IT电子通信,低
983,家用电器,16:00-18:00,CCTV,30+,男,本科及以上,金融保险,中
984,饮料,2:00-4:00,CCTV,0-10,女,大专,IT电子通信,低
985,家用电器,22:00-0:00,东方卫视,20-30,女,大专,社会公共管理,高
986,酒类,8:00-10:00,CCTV,30+,男,本科及以上,金融保险,高
987,食品,8:00-10:00,浙江卫视,10-20,男,本科及以上,IT电子通信,中
988,饮料,22:00-0:00,CCTV,30+,男,本科及以上,住宿旅游,低
989,饮料,22:00-0:00,东方卫视,20-30,女,大专,社会公共管理,高
990,饮料,4:00-6:00,CCTV,30+,女,本科及以上,社会公共管理,中
991,家用电器,8:00-10:00,浙江卫视,30+,男,本科及以上,社会公共管理,低
992,家用电器,20:00-22:00,CCTV,10-20,男,高中及以下,金融保险,高
993,酒类,18:00-20:00,CCTV,30+,男,大专,住宿旅游,低
994,饮料,0:00-2:00,CCTV,20-30,男,本科及以上,社会公共管理,高
995,食品,4:00-6:00,东方卫视,30+,男,大专,教育,高
996,酒类,14:00-16:00,CCTV,30+,女,大专,金融保险,中
997,酒类,16:00-18:00,东方卫视,20-30,男,本科及以上,医药卫生,低
998,食品,22:00-0:00,东方卫视,30+,男,高中及以下,金融保险,中
999,邮电通讯,10:00-12:00,东方卫视,30+,男,本科及以上,社会公共管理,高
1000,酒类,12:00-14:00,CCTV,20-30,女,本科及以上,社会公共管理,低
1001,饮料,6:00-8:00,CCTV,30+,女,高中及以下,社会公共管理,中
1002,饮料,8:00-10:00,CCTV,20-30,男,高中及以下,住宿旅游,高
1003,酒类,12:00-14:00,CCTV,30+,女,本科及以上,社会公共管理,中
1004,酒类,6:00-8:00,CCTV,30+,女,本科及以上,住宿旅游,高
1005,饮料,14:00-16:00,CCTV,20-30,男,大专,IT电子通信,低
1006,食品,0:00-2:00,东方卫视,30+,女,大专,金融保险,高
1007,酒类,0:00-2:00,CCTV,0-10,男,本科及以上,住宿旅游,高
1008,邮电通讯,0:00-2:00,CCTV,30+,男,大专,教育,高
1009,食品,16:00-18:00,东方卫视,30+,男,大专,IT电子通信,中
1010,酒类,10:00-12:00,CCTV,30+,女,本科及以上,社会公共管理,高
1011,酒类,2:00-4:00,CCTV,30+,男,本科及以上,住宿旅游,低
1012,家用电器,8:00-10:00,CCTV,20-30,男,大专,教育,高
1013,邮电通讯,10:00-12:00,浙江卫视,30+,女,本科及以上,金融保险,中
1014,酒类,20:00-22:00,浙江卫视,30+,男,本科及以上,金融保险,高
1015,食品,10:00-12:00,CCTV,30+,女,本科及以上,社会公共管理,低
1016,邮电通讯,20:00-22:00,东方卫视,30+,女,本科及以上,社会公共管理,低
1017,家用电器,16:00-18:00,CCTV,20-30,男,本科及以上,IT电子通信,中
1018,食品,16:00-18:00,CCTV,30+,女,本科及以上,金融保险,高
1019,食品,20:00-22:00,CCTV,30+,男,本科及以上,IT电子通信,高
1020,酒类,8:00-10:00,CCTV,10-20,男,本科及以上,医药卫生,低
1021,饮料,16:00-18:00,CCTV,10-20,女,本科及以上,社会公共管理,中
1022,食品,20:00-22:00,CCTV,20-30,女,大专,医药卫生,中
1023,饮料,2:00-4:00,湖南卫视,30+,女,大专,住宿旅游,低
1024,家用电器,16:00-18:00,CCTV,30+,女,本科及以上,住宿旅游,高
1025,饮料,18:00-20:00,湖南卫视,30+,男,高中及以下,住宿旅游,中
1026,家用电器,22:00-0:00,浙江卫视,30+,男,高中及以下,住宿旅游,低
1027,酒类,8:00-10:00,CCTV,30+,男,高中及以下,金融保险,高
1028,食品,2:00-4:00,CCTV,30+,女,本科及以上,教育,高
1029,饮料,14:00-16:00,东方卫视,30+,男,本科及以上,社会公共管理,中
1030,饮料,20:00-22:00,湖南卫视,30+,男,本科及以上,社会公共管理,高
1031,酒类,18:00-20:00,CCTV,30+,女,本科及以上,医药卫生,高
1032,食品,20:00-22:00,CCTV,20-30,女,大专,社会公共管理,高
1033,邮电通讯,10:00-12:00,CCTV,30+,女,本科及以上,教育,低
1034,酒类,22:00-0:00,东方卫视,30+,女,大专,金融保险,高
1035,酒类,4:00-6:00,CCTV,10-20,女,高中及以下,金融保险,低
1036,食品,10:00-12:00,东方卫视,30+,女,本科及以上,IT电子通信,中
1037,饮料,20:00-22:00,CCTV,0-10,男,本科及以上,金融保险,中
1038,酒类,20:00-22:00,CCTV,20-30,男,本科及以上,社会公共管理,高
1039,邮电通讯,4:00-6:00,东方卫视,30+,男,大专,住宿旅游,高
1040,家用电器,10:00-12:00,CCTV,30+,女,大专,教育,高
1041,酒类,22:00-0:00,湖南卫视,30+,女,本科及以上,IT电子通信,中
1042,家用电器,10:00-12:00,CCTV,20-30,女,大专,社会公共管理,低
1043,食品,4:00-6:00,CCTV,10-20,女,大专,医药卫生,高
1044,食品,0:00-2:00,CCTV,20-30,女,高中及以下,社会公共管理,高
1045,邮电通讯,2:00-4:00,CCTV,20-30,女,本科及以上,住宿旅游,高
1046,食品,0:00-2:00,CCTV,30+,男,本科及以上,社会公共管理,低
1047,饮料,20:00-22:00,东方卫视,20-30,男,高中及以下,社会公共管理,中
1048,家用电器,22:00-0:00,CCTV,30+,男,本科及以上,住宿旅游,中
1049,酒类,4:00-6:00,CCTV,30+,女,本科及以上,住宿旅游,中
1050,邮电通讯,18:00-20:00,东方卫视,30+,男,本科及以上,住宿旅游,中
1051,家用电器,16:00-18:00,CCTV,30+,男,本科及以上,住宿旅游,低
1052,食品,22:00-0:00,东方卫视,20-30,男,本科及以上,教育,高
1053,饮料,6:00-8:00,CCTV,30+,女,大专,住宿旅游,中
1054,食品,22:00-0:00,CCTV,30+,女,高中及以下,金融保险,高
1055,饮料,20:00-22:00,CCTV,20-30,男,本科及以上,教育,低
1056,酒类,0:00-2:00,CCTV,30+,女,本科及以上,社会公共管理,高
1057,饮料,14:00-16:00,浙江卫视,20-30,女,本科及以上,社会公共管理,高
1058,食品,8:00-10:00,CCTV,30+,男,本科及以上,社会公共管理,中
1059,饮料,22:00-0:00,CCTV,20-30,女,本科及以上,IT电子通信,低
1060,饮料,14:00-16:00,CCTV,30+,女,高中及以下,教育,低
1061,饮料,10:00-12:00,CCTV,0-10,男,本科及以上,医药卫生,中
1062,食品,22:00-0:00,CCTV,30+,女,高中及以下,IT电子通信,中
1063,食品,8:00-10:00,CCTV,30+,男,本科及以上,金融保险,低
1064,食品,14:00-16:00,东方卫视,30+,女,高中及以下,IT电子通信,中
1065,邮电通讯,22:00-0:00,CCTV,30+,男,大专,医药卫生,低
1066,饮料,10:00-12:00,CCTV,20-30,女,本科及以上,社会公共管理,高
1067,食品,20:00-22:00,东方卫视,0-10,女,本科及以上,教育,低
1068,饮料,6:00-8:00,浙江卫视,30+,女,大专,医药卫生,低
1069,酒类,4:00-6:00,CCTV,20-30,女,本科及以上,教育,低
1070,家用电器,22:00-0:00,浙江卫视,30+,女,本科及以上,IT电子通信,中
1071,邮电通讯,22:00-0:00,浙江卫视,0-10,女,本科及以上,医药卫生,中
1072,家用电器,12:00-14:00,CCTV,10-20,女,本科及以上,IT电子通信,低
1073,食品,12:00-14:00,东方卫视,20-30,女,本科及以上,社会公共管理,中
1074,饮料,22:00-0:00,东方卫视,30+,男,本科及以上,社会公共管理,中
1075,饮料,16:00-18:00,CCTV,20-30,女,本科及以上,社会公共管理,低
1076,食品,22:00-0:00,浙江卫视,10-20,男,大专,教育,高
1077,酒类,22:00-0:00,CCTV,30+,女,本科及以上,社会公共管理,高
1078,酒类,20:00-22:00,CCTV,0-10,女,本科及以上,医药卫生,低
1079,饮料,2:00-4:00,东方卫视,10-20,男,本科及以上,金融保险,低
1080,食品,22:00-0:00,CCTV,30+,男,本科及以上,IT电子通信,中
1081,邮电通讯,22:00-0:00,东方卫视,0-10,女,高中及以下,金融保险,低
1082,食品,2:00-4:00,CCTV,30+,女,本科及以上,住宿旅游,中
1083,酒类,2:00-4:00,CCTV,20-30,女,高中及以下,医药卫生,高
1084,食品,6:00-8:00,CCTV,30+,女,本科及以上,IT电子通信,中
1085,食品,16:00-18:00,CCTV,20-30,女,大专,金融保险,中
1086,酒类,2:00-4:00,CCTV,30+,女,本科及以上,IT电子通信,高
1087,饮料,2:00-4:00,东方卫视,10-20,男,本科及以上,社会公共管理,低
1088,饮料,4:00-6:00,东方卫视,30+,女,大专,金融保险,高
1089,酒类,8:00-10:00,CCTV,0-10,女,高中及以下,住宿旅游,中
1090,家用电器,22:00-0:00,浙江卫视,20-30,男,高中及以下,IT电子通信,中
1091,食品,10:00-12:00,CCTV,0-10,女,本科及以上,金融保险,低
1092,邮电通讯,20:00-22:00,CCTV,30+,女,高中及以下,住宿旅游,中
1093,酒类,4:00-6:00,东方卫视,20-30,女,本科及以上,金融保险,低
1094,酒类,8:00-10:00,CCTV,30+,男,本科及以上,社会公共管理,中
1095,食品,6:00-8:00,CCTV,10-20,女,本科及以上,教育,中
1096,邮电通讯,8:00-10:00,东方卫视,10-20,女,大专,医药卫生,低
1097,酒类,20:00-22:00,东方卫视,20-30,男,本科及以上,金融保险,中
1098,酒类,22:00-0:00,CCTV,20-30,男,本科及以上,教育,高
1099,酒类,0:00-2:00,CCTV,20-30,女,本科及以上,教育,低
1100,食品,10:00-12:00,湖南卫视,30+,女,大专,住宿旅游,高
1101,食品,22:00-0:00,东方卫视,30+,女,大专,IT电子通信,高
1102,酒类,16:00-18:00,东方卫视,30+,男,本科及以上,住宿旅游,低
1103,酒类,14:00-16:00,CCTV,30+,女,大专,医药卫生,低
1104,饮料,22:00-0:00,CCTV,30+,女,本科及以上,IT电子通信,中
1105,家用电器,16:00-18:00,东方卫视,0-10,女,本科及以上,医药卫生,中
1106,酒类,14:00-16:00,湖南卫视,30+,男,本科及以上,IT电子通信,低
1107,饮料,22:00-0:00,CCTV,30+,男,本科及以上,住宿旅游,高
1108,邮电通讯,0:00-2:00,东方卫视,30+,男,高中及以下,住宿旅游,低
1109,饮料,2:00-4:00,CCTV,20-30,男,大专,住宿旅游,高
1110,食品,8:00-10:00,浙江卫视,30+,女,大专,医药卫生,高
1111,邮电通讯,20:00-22:00,CCTV,20-30,男,本科及以上,金融保险,低
1112,邮电通讯,22:00-0:00,湖南卫视,30+,女,大专,住宿旅游,高
1113,家用电器,22:00-0:00,湖南卫视,20-30,女,大专,医药卫生,中
1114,酒类,16:00-18:00,CCTV,30+,男,本科及以上,社会公共管理,高
1115,酒类,8:00-10:00,CCTV,30+,男,本科及以上,金融保险,中
1116,家用电器,22:00-0:00,浙江卫视,30+,女,本科及以上,教育,中
1117,食品,22:00-0:00,CCTV,30+,女,大专,社会公共管理,中
1118,食品,20:00-22:00,CCTV,10-20,男,大专,住宿旅游,中
1119,酒类,22:00-0:00,CCTV,30+,男,大专,金融保险,低
1120,饮料,2:00-4:00,CCTV,30+,女,大专,住宿旅游,高
1121,酒类,22:00-0:00,CCTV,10-20,女,大专,IT电子通信,低
1122,饮料,6:00-8:00,CCTV,30+,男,本科及以上,金融保险,中
1123,饮料,18:00-20:00,东方卫视,10-20,男,本科及以上,社会公共管理,高
1124,家用电器,20:00-22:00,浙江卫视,30+,女,本科及以上,社会公共管理,高
1125,食品,6:00-8:00,东方卫视,10-20,男,高中及以下,社会公共管理,低
1126,饮料,20:00-22:00,CCTV,10-20,女,本科及以上,金融保险,中
1127,饮料,20:00-22:00,东方卫视,30+,男,大专,社会公共管理,高
1128,酒类,4:00-6:00,东方卫视,30+,女,大专,医药卫生,中
1129,饮料,6:00-8:00,CCTV,20-30,女,高中及以下,住宿旅游,高
1130,家用电器,0:00-2:00,CCTV,20-30,男,本科及以上,社会公共管理,中
1131,酒类,20:00-22:00,东方卫视,30+,男,本科及以上,教育,中
1132,食品,10:00-12:00,浙江卫视,30+,男,本科及以上,社会公共管理,高
1133,家用电器,0:00-2:00,CCTV,10-20,男,本科及以上,金融保险,高
1134,食品,2:00-4:00,浙江卫视,30+,男,本科及以上,IT电子通信,高
1135,饮料,22:00-0:00,CCTV,10-20,男,本科及以上,社会公共管理,高
1136,食品,8:00-10:00,CCTV,0-10,女,高中及以下,IT电子通信,高
1137,酒类,20:00-22:00,CCTV,30+,女,本科及以上,金融保险,高
1138,食品,22:00-0:00,CCTV,20-30,女,本科及以上,住宿旅游,高
1139,饮料,0:00-2:00,东方卫视,30+,女,本科及以上,住宿旅游,低
1140,酒类,22:00-0:00,湖南卫视,10-20,女,本科及以上,金融保险,高
1141,食品,2:00-4:00,CCTV,10-20,男,高中及以下,IT电子通信,中
1142,酒类,6:00-8:00,浙江卫视,30+,女,大专,医药卫生,低
1143,食品,10:00-12:00,CCTV,30+,女,大专,住宿旅游,高
1144,食品,12:00-14:00,CCTV,10-20,男,本科及以上,教育,低
1145,酒类,20:00-22:00,CCTV,10-20,男,本科及以上,社会公共管理,高
1146,家用电器,8:00-10:00,CCTV,10-20,女,本科及以上,金融保险,低
1147,酒类,22:00-0:00,东方卫视,10-20,女,本科及以上,医药卫生,中
1148,家用电器,20:00-22:00,东方卫视,30+,男,本科及以上,医药卫生,高
1149,酒类,0:00-2:00,CCTV,30+,男,本科及以上,IT电子通信,中
1150,食品,4:00-6:00,CCTV,20-30,女,本科及以上,金融保险,高
1151,邮电通讯,22:00-0:00,CCTV,30+,男,本科及以上,教育,中
1152,饮料,14:00-16:00,CCTV,30+,女,本科及以上,金融保险,高
1153,食品,22:00-0:00,浙江卫视,30+,女,本科及以上,IT电子通信,高
1154,邮电通讯,8:00-10:00,CCTV,10-20,男,本科及以上,IT电子通信,中
1155,酒类,2:00-4:00,东方卫视,30+,男,本科及以上,IT电子通信,高
1156,食品,22:00-0:00,浙江卫视,10-20,男,本科及以上,IT电子通信,高
1157,饮料,12:00-14:00,东方卫视,30+,女,大专,金融保险,中
1158,酒类,20:00-22:00,CCTV,30+,女,本科及以上,医药卫生,低
1159,食品,22:00-0:00,CCTV,30+,女,本科及以上,教育,中
1160,家用电器,22:00-0:00,CCTV,10-20,男,本科及以上,医药卫生,高
1161,饮料,4:00-6:00,CCTV,20-30,女,本科及以上,金融保险,高
1162,食品,22:00-0:00,浙江卫视,10-20,女,大专,教育,高
1163,家用电器,22:00-0:00,CCTV,30+,男,本科及以上,医药卫生,高
1164,饮料,18:00-20:00,CCTV,30+,男,大专,住宿旅游,低
1165,食品,22:00-0:00,CCTV,20-30,男,高中及以下,IT电子通信,中
1166,饮料,10:00-12:00,CCTV,30+,女,本科及以上,IT电子通信,高
1167,酒类,22:00-0:00,浙江卫视,30+,男,大专,医药卫生,中
1168,酒类,20:00-22:00,CCTV,10-20,男,本科及以上,教育,高
1169,饮料,20:00-22:00,湖南卫视,30+,男,本科及以上,教育,中
1170,食品,8:00-10:00,CCTV,20-30,女,本科及以上,金融保险,低
1171,邮电通讯,20:00-22:00,CCTV,0-10,女,本科及以上,住宿旅游,高
1172,邮电通讯,14:00-16:00,CCTV,20-30,男,大专,IT电子通信,中
1173,食品,22:00-0:00,CCTV,30+,女,大专,医药卫生,低
1174,家用电器,20:00-22:00,CCTV,10-20,男,本科及以上,教育,中
1175,邮电通讯,4:00-6:00,CCTV,0-10,女,高中及以下,金融保险,中
1176,食品,20:00-22:00,CCTV,30+,男,本科及以上,金融保险,中
1177,邮电通讯,20:00-22:00,湖南卫视,30+,男,本科及以上,金融保险,高
1178,酒类,20:00-22:00,浙江卫视,20-30,女,大专,医药卫生,中
1179,酒类,10:00-12:00,东方卫视,30+,女,大专,IT电子通信,中
1180,饮料,20:00-22:00,CCTV,20-30,女,本科及以上,金融保险,低
1181,酒类,2:00-4:00,CCTV,30+,女,高中及以下,金融保险,中
1182,食品,2:00-4:00,CCTV,30+,女,本科及以上,金融保险,高
1183,饮料,20:00-22:00,东方卫视,30+,男,高中及以下,社会公共管理,高
1184,饮料,4:00-6:00,CCTV,30+,女,本科及以上,医药卫生,中
1185,饮料,20:00-22:00,CCTV,20-30,男,大专,IT电子通信,中
1186,酒类,10:00-12:00,东方卫视,30+,男,本科及以上,医药卫生,高
1187,食品,2:00-4:00,CCTV,30+,男,高中及以下,社会公共管理,高
1188,食品,20:00-22:00,CCTV,10-20,男,本科及以上,医药卫生,高
1189,饮料,20:00-22:00,东方卫视,10-20,女,本科及以上,医药卫生,高
1190,饮料,20:00-22:00,湖南卫视,30+,女,本科及以上,IT电子通信,高
1191,邮电通讯,0:00-2:00,东方卫视,30+,女,大专,金融保险,中
1192,食品,0:00-2:00,东方卫视,30+,女,高中及以下,金融保险,低
1193,饮料,4:00-6:00,浙江卫视,20-30,女,本科及以上,金融保险,低
1194,食品,22:00-0:00,浙江卫视,30+,男,本科及以上,金融保险,高
1195,酒类,20:00-22:00,浙江卫视,20-30,女,大专,住宿旅游,低
1196,饮料,20:00-22:00,CCTV,30+,女,本科及以上,IT电子通信,高
1197,饮料,14:00-16:00,东方卫视,30+,女,本科及以上,医药卫生,高
1198,酒类,0:00-2:00,CCTV,30+,女,大专,医药卫生,中
1199,邮电通讯,4:00-6:00,CCTV,20-30,男,大专,社会公共管理,中
1200,酒类,22:00-0:00,CCTV,30+,男,大专,社会公共管理,高
1201,饮料,20:00-22:00,CCTV,30+,女,大专,住宿旅游,高
1202,食品,8:00-10:00,湖南卫视,0-10,男,大专,住宿旅游,低
1203,邮电通讯,14:00-16:00,CCTV,30+,女,本科及以上,社会公共管理,低
1204,食品,10:00-12:00,浙江卫视,30+,男,大专,住宿旅游,低
1205,家用电器,8:00-10:00,CCTV,30+,女,本科及以上,医药卫生,低
1206,饮料,22:00-0:00,浙江卫视,10-20,女,高中及以下,教育,低
1207,饮料,20:00-22:00,浙江卫视,30+,女,大专,社会公共管理,高
1208,食品,20:00-22:00,CCTV,0-10,男,大专,教育,高
1209,家用电器,20:00-22:00,东方卫视,10-20,女,高中及以下,医药卫生,中
1210,家用电器,16:00-18:00,东方卫视,10-20,女,高中及以下,医药卫生,高
1211,饮料,22:00-0:00,东方卫视,10-20,男,大专,社会公共管理,中
1212,饮料,18:00-20:00,东方卫视,10-20,女,本科及以上,住宿旅游,中
1213,饮料,18:00-20:00,东方卫视,30+,男,本科及以上,IT电子通信,中
1214,饮料,8:00-10:00,CCTV,30+,女,本科及以上,金融保险,高
1215,酒类,22:00-0:00,CCTV,20-30,男,本科及以上,社会公共管理,低
1216,邮电通讯,0:00-2:00,CCTV,10-20,女,本科及以上,金融保险,高
1217,饮料,22:00-0:00,浙江卫视,10-20,男,大专,教育,中
1218,家用电器,20:00-22:00,CCTV,30+,女,本科及以上,IT电子通信,低
1219,酒类,10:00-12:00,CCTV,30+,女,大专,社会公共管理,低
1220,家用电器,10:00-12:00,CCTV,20-30,男,高中及以下,IT电子通信,中
1221,食品,20:00-22:00,CCTV,20-30,女,大专,金融保险,高
1222,邮电通讯,2:00-4:00,CCTV,10-20,男,高中及以下,社会公共管理,低
1223,饮料,22:00-0:00,浙江卫视,30+,女,高中及以下,社会公共管理,中
1224,家用电器,4:00-6:00,CCTV,20-30,男,本科及以上,IT电子通信,高
1225,食品,22:00-0:00,CCTV,30+,男,大专,教育,低
1226,酒类,16:00-18:00,东方卫视,30+,女,本科及以上,医药卫生,高
1227,家用电器,22:00-0:00,CCTV,30+,女,本科及以上,医药卫生,高
1228,邮电通讯,22:00-0:00,浙江卫视,30+,男,大专,社会公共管理,高
1229,酒类,22:00-0:00,浙江卫视,30+,男,本科及以上,IT电子通信,低
1230,家用电器,4:00-6:00,CCTV,30+,男,本科及以上,医药卫生,中
1231,邮电通讯,16:00-18:00,东方卫视,30+,女,高中及以下,金融保险,高
1232,酒类,20:00-22:00,CCTV,10-20,男,高中及以下,住宿旅游,低
1233,食品,0:00-2:00,CCTV,30+,男,本科及以上,金融保险,高
1234,食品,20:00-22:00,湖南卫视,30+,男,本科及以上,金融保险,低
1235,酒类,8:00-10:00,东方卫视,30+,女,本科及以上,医药卫生,低
1236,饮料,0:00-2:00,CCTV,20-30,男,大专,医药卫生,中
1237,邮电通讯,4:00-6:00,东方卫视,20-30,男,本科及以上,金融保险,高
1238,食品,22:00-0:00,东方卫视,30+,女,本科及以上,金融保险,高
1239,饮料,20:00-22:00,东方卫视,20-30,男,本科及以上,医药卫生,低
1240,酒类,8:00-10:00,CCTV,30+,男,本科及以上,IT电子通信,高
1241,饮料,4:00-6:00,CCTV,30+,女,大专,教育,中
1242,家用电器,12:00-14:00,浙江卫视,0-10,女,本科及以上,社会公共管理,低
1243,酒类,20:00-22:00,东方卫视,30+,女,大专,金融保险,低
1244,邮电通讯,0:00-2:00,东方卫视,20-30,女,大专,教育,中
1245,食品,22:00-0:00,CCTV,10-20,男,本科及以上,社会公共管理,中
1246,邮电通讯,16:00-18:00,CCTV,30+,男,大专,金融保险,高
1247,食品,22:00-0:00,湖南卫视,0-10,女,本科及以上,IT电子通信,中
1248,饮料,20:00-22:00,浙江卫视,30+,男,大专,医药卫生,高
1249,酒类,12:00-14:00,东方卫视,30+,女,本科及以上,社会公共管理,中
1250,酒类,2:00-4:00,CCTV,30+,女,本科及以上,IT电子通信,高
1251,食品,22:00-0:00,东方卫视,20-30,女,本科及以上,教育,高
1252,酒类,22:00-0:00,浙江卫视,10-20,女,本科及以上,教育,低
1253,邮电通讯,20:00-22:00,CCTV,10-20,女,大专,社会公共管理,高
1254,酒类,18:00-20:00,CCTV,30+,男,本科及以上,社会公共管理,高
1255,饮料,22:00-0:00,东方卫视,30+,男,大专,金融保险,中
1256,食品,22:00-0:00,CCTV,30+,女,高中及以下,医药卫生,中
1257,酒类,22:00-0:00,浙江卫视,20-30,男,大专,社会公共管理,中
1258,食品,22:00-0:00,CCTV,20-30,女,本科及以上,IT电子通信,低
1259,食品,20:00-22:00,湖南卫视,30+,男,本科及以上,IT电子通信,低
1260,家用电器,22:00-0:00,湖南卫视,30+,女,本科及以上,教育,高
1261,食品,0:00-2:00,浙江卫视,30+,男,高中及以下,医药卫生,高
1262,家用电器,22:00-0:00,东方卫视,20-30,男,本科及以上,金融保险,高
1263,酒类,22:00-0:00,CCTV,10-20,女,本科及以上,教育,中
1264,食品,22:00-0:00,湖南卫视,30+,女,本科及以上,教育,低
1265,食品,22:00-0:00,CCTV,0-10,女,高中及以下,住宿旅游,中
1266,酒类,16:00-18:00,CCTV,30+,女,大专,社会公共管理,中
1267,饮料,20:00-22:00,CCTV,10-20,男,本科及以上,金融保险,高
1268,食品,20:00-22:00,CCTV,30+,男,本科及以上,IT电子通信,低
1269,邮电通讯,22:00-0:00,CCTV,20-30,女,高中及以下,金融保险,中
1270,酒类,20:00-22:00,CCTV,20-30,女,大专,IT电子通信,中
1271,饮料,22:00-0:00,CCTV,20-30,男,本科及以上,教育,中
1272,邮电通讯,10:00-12:00,东方卫视,10-20,男,高中及以下,金融保险,高
1273,食品,4:00-6:00,CCTV,30+,女,本科及以上,社会公共管理,低
1274,食品,20:00-22:00,CCTV,30+,男,本科及以上,IT电子通信,高
1275,食品,22:00-0:00,CCTV,30+,男,大专,住宿旅游,低
1276,邮电通讯,4:00-6:00,湖南卫视,20-30,女,大专,医药卫生,高
1277,酒类,4:00-6:00,CCTV,30+,女,本科及以上,IT电子通信,低
1278,邮电通讯,20:00-22:00,东方卫视,20-30,男,高中及以下,金融保险,高
1279,饮料,20:00-22:00,CCTV,30+,男,大专,教育,高
1280,家用电器,8:00-10:00,CCTV,0-10,女,本科及以上,社会公共管理,中
1281,酒类,20:00-22:00,CCTV,30+,女,本科及以上,金融保险,中
1282,酒类,20:00-22:00,CCTV,20-30,女,高中及以下,住宿旅游,高
1283,食品,4:00-6:00,东方卫视,30+,女,本科及以上,医药卫生,中
1284,酒类,2:00-4:00,CCTV,10-20,女,本科及以上,金融保险,低
1285,家用电器,2:00-4:00,东方卫视,30+,男,本科及以上,住宿旅游,高
1286,邮电通讯,22:00-0:00,东方卫视,30+,男,本科及以上,住宿旅游,中
1287,家用电器,20:00-22:00,湖南卫视,30+,女,大专,医药卫生,高
1288,饮料,8:00-10:00,CCTV,30+,男,本科及以上,住宿旅游,低
1289,食品,22:00-0:00,东方卫视,10-20,女,本科及以上,教育,高
1290,饮料,10:00-12:00,CCTV,30+,女,大专,金融保险,高
1291,饮料,22:00-0:00,CCTV,30+,女,本科及以上,社会公共管理,中
1292,家用电器,10:00-12:00,CCTV,10-20,男,大专,IT电子通信,低
1293,邮电通讯,20:00-22:00,CCTV,30+,女,本科及以上,社会公共管理,中
1294,酒类,16:00-18:00,CCTV,10-20,女,本科及以上,教育,高
1295,酒类,22:00-0:00,浙江卫视,30+,男,高中及以下,金融保险,低
1296,食品,8:00-10:00,CCTV,10-20,男,本科及以上,医药卫生,高
1297,食品,0:00-2:00,东方卫视,20-30,女,本科及以上,金融保险,低
1298,饮料,12:00-14:00,CCTV,30+,女,本科及以上,金融保险,高
1299,饮料,4:00-6:00,东方卫视,0-10,女,大专,IT电子通信,高
1300,酒类,16:00-18:00,CCTV,20-30,女,大专,金融保险,低
1301,家用电器,18:00-20:00,浙江卫视,10-20,男,本科及以上,教育,低
1302,酒类,6:00-8:00,东方卫视,30+,女,大专,教育,高
1303,家用电器,10:00-12:00,东方卫视,30+,女,大专,住宿旅游,高
1304,酒类,20:00-22:00,CCTV,30+,男,本科及以上,金融保险,高
1305,食品,20:00-22:00,CCTV,30+,女,本科及以上,金融保险,中
1306,食品,10:00-12:00,CCTV,0-10,女,本科及以上,社会公共管理,低
1307,食品,18:00-20:00,浙江卫视,30+,女,本科及以上,医药卫生,高
1308,食品,22:00-0:00,东方卫视,30+,男,本科及以上,教育,中
1309,食品,18:00-20:00,东方卫视,20-30,女,大专,教育,中
1310,酒类,18:00-20:00,浙江卫视,30+,女,本科及以上,住宿旅游,高
1311,饮料,20:00-22:00,东方卫视,10-20,男,本科及以上,金融保险,低
1312,食品,0:00-2:00,CCTV,30+,男,本科及以上,住宿旅游,中
1313,饮料,16:00-18:00,CCTV,10-20,男,本科及以上,医药卫生,低
1314,酒类,22:00-0:00,东方卫视,30+,女,高中及以下,住宿旅游,中
1315,饮料,8:00-10:00,东方卫视,10-20,男,高中及以下,IT电子通信,低
1316,酒类,12:00-14:00,浙江卫视,10-20,女,本科及以上,医药卫生,高
1317,饮料,4:00-6:00,CCTV,30+,女,大专,社会公共管理,高
1318,饮料,22:00-0:00,CCTV,30+,男,本科及以上,IT电子通信,中
1319,食品,4:00-6:00,东方卫视,20-30,男,本科及以上,社会公共管理,高
1320,饮料,22:00-0:00,CCTV,20-30,男,本科及以上,金融保险,低
1321,饮料,2:00-4:00,CCTV,30+,男,本科及以上,社会公共管理,高
1322,酒类,20:00-22:00,湖南卫视,30+,男,大专,金融保险,高
1323,食品,4:00-6:00,东方卫视,30+,女,高中及以下,IT电子通信,中
1324,家用电器,16:00-18:00,CCTV,20-30,男,高中及以下,IT电子通信,低
1325,酒类,10:00-12:00,CCTV,30+,女,大专,IT电子通信,低
1326,食品,12:00-14:00,东方卫视,10-20,女,本科及以上,医药卫生,高
1327,酒类,20:00-22:00,东方卫视,0-10,男,本科及以上,IT电子通信,高
1328,酒类,22:00-0:00,CCTV,30+,男,大专,住宿旅游,低
1329,酒类,14:00-16:00,CCTV,30+,男,本科及以上,社会公共管理,高
1330,酒类,22:00-0:00,CCTV,30+,女,高中及以下,社会公共管理,低
1331,饮料,16:00-18:00,CCTV,30+,女,本科及以上,医药卫生,高
1332,饮料,0:00-2:00,东方卫视,30+,男,本科及以上,教育,高
1333,家用电器,22:00-0:00,CCTV,30+,男,大专,IT电子通信,低
1334,饮料,20:00-22:00,CCTV,10-20,女,本科及以上,教育,低
1335,家用电器,20:00-22:00,CCTV,30+,女,高中及以下,教育,高
1336,食品,22:00-0:00,CCTV,10-20,女,本科及以上,医药卫生,高
1337,食品,22:00-0:00,CCTV,10-20,女,本科及以上,社会公共管理,高
1338,酒类,0:00-2:00,东方卫视,10-20,女,本科及以上,医药卫生,低
1339,家用电器,10:00-12:00,CCTV,30+,男,本科及以上,教育,高
1340,食品,20:00-22:00,CCTV,20-30,女,高中及以下,住宿旅游,高
1341,食品,22:00-0:00,浙江卫视,30+,女,大专,教育,低
1342,家用电器,22:00-0:00,东方卫视,30+,男,大专,住宿旅游,高
1343,食品,6:00-8:00,东方卫视,30+,女,本科及以上,金融保险,低
1344,家用电器,8:00-10:00,CCTV,30+,男,大专,医药卫生,高
1345,食品,22:00-0:00,浙江卫视,30+,女,大专,住宿旅游,中
1346,家用电器,0:00-2:00,CCTV,30+,女,本科及以上,教育,中
1347,饮料,4:00-6:00,东方卫视,20-30,女,大专,住宿旅游,低
1348,邮电通讯,20:00-22:00,CCTV,30+,女,本科及以上,金融保险,中
1349,酒类,22:00-0:00,CCTV,30+,男,高中及以下,社会公共管理,高
1350,饮料,4:00-6:00,湖南卫视,20-30,女,本科及以上,住宿旅游,高
1351,邮电通讯,4:00-6:00,CCTV,30+,男,本科及以上,医药卫生,高
1352,饮料,0:00-2:00,CCTV,10-20,男,本科及以上,住宿旅游,低
1353,家用电器,20:00-22:00,湖南卫视,30+,男,高中及以下,IT电子通信,高
1354,饮料,2:00-4:00,浙江卫视,20-30,女,本科及以上,医药卫生,高
1355,酒类,2:00-4:00,CCTV,30+,男,本科及以上,金融保险,中
1356,饮料,22:00-0:00,CCTV,30+,男,本科及以上,住宿旅游,中
1357,家用电器,8:00-10:00,CCTV,20-30,女,本科及以上,IT电子通信,高
1358,食品,4:00-6:00,浙江卫视,30+,男,本科及以上,金融保险,高
1359,酒类,4:00-6:00,CCTV,10-20,男,本科及以上,金融保险,低
1360,家用电器,22:00-0:00,CCTV,30+,男,大专,教育,高
1361,酒类,4:00-6:00,CCTV,20-30,女,本科及以上,金融保险,低
1362,饮料,16:00-18:00,浙江卫视,30+,女,本科及以上,医药卫生,低
1363,家用电器,10:00-12:00,CCTV,20-30,女,高中及以下,教育,高
1364,家用电器,22:00-0:00,CCTV,30+,女,大专,IT电子通信,中
1365,食品,20:00-22:00,CCTV,30+,男,大专,社会公共管理,高
1366,酒类,4:00-6:00,CCTV,30+,女,本科及以上,IT电子通信,高
1367,酒类,18:00-20:00,CCTV,30+,男,本科及以上,教育,低
1368,食品,16:00-18:00,东方卫视,10-20,男,大专,IT电子通信,中
1369,酒类,2:00-4:00,浙江卫视,0-10,男,高中及以下,教育,高
1370,家用电器,18:00-20:00,CCTV,10-20,女,本科及以上,医药卫生,低
1371,家用电器,22:00-0:00,东方卫视,0-10,女,高中及以下,社会公共管理,中
1372,家用电器,6:00-8:00,浙江卫视,30+,女,大专,IT电子通信,中
1373,食品,20:00-22:00,CCTV,30+,女,高中及以下,金融保险,中
1374,饮料,22:00-0:00,CCTV,30+,男,本科及以上,医药卫生,高
1375,酒类,10:00-12:00,湖南卫视,10-20,男,本科及以上,教育,高
1376,饮料,22:00-0:00,东方卫视,30+,女,本科及以上,医药卫生,高
1377,饮料,22:00-0:00,浙江卫视,30+,女,本科及以上,金融保险,高
1378,食品,10:00-12:00,CCTV,10-20,女,本科及以上,住宿旅游,中
1379,酒类,18:00-20:00,东方卫视,10-20,女,本科及以上,医药卫生,低
1380,家用电器,14:00-16:00,CCTV,30+,女,本科及以上,医药卫生,高
1381,食品,20:00-22:00,CCTV,30+,女,大专,医药卫生,高
1382,酒类,6:00-8:00,CCTV,30+,女,本科及以上,金融保险,中
1383,家用电器,20:00-22:00,CCTV,20-30,女,大专,IT电子通信,低
1384,家用电器,22:00-0:00,CCTV,30+,女,本科及以上,IT电子通信,中
1385,酒类,20:00-22:00,CCTV,30+,男,本科及以上,IT电子通信,低
1386,家用电器,22:00-0:00,浙江卫视,30+,男,本科及以上,金融保险,低
1387,家用电器,16:00-18:00,浙江卫视,30+,男,本科及以上,住宿旅游,高
1388,家用电器,8:00-10:00,浙江卫视,10-20,女,本科及以上,教育,低
1389,食品,0:00-2:00,CCTV,20-30,男,大专,IT电子通信,中
1390,食品,18:00-20:00,湖南卫视,10-20,女,本科及以上,金融保险,高
1391,食品,16:00-18:00,CCTV,10-20,男,本科及以上,医药卫生,中
1392,家用电器,10:00-12:00,东方卫视,30+,女,本科及以上,IT电子通信,中
1393,食品,14:00-16:00,东方卫视,30+,男,本科及以上,IT电子通信,高
1394,饮料,4:00-6:00,浙江卫视,0-10,男,大专,教育,中
1395,家用电器,18:00-20:00,CCTV,30+,男,高中及以下,住宿旅游,高
1396,饮料,0:00-2:00,东方卫视,10-20,女,高中及以下,教育,高
1397,酒类,22:00-0:00,东方卫视,30+,男,高中及以下,医药卫生,中
1398,酒类,22:00-0:00,CCTV,10-20,女,本科及以上,住宿旅游,低
1399,饮料,22:00-0:00,东方卫视,30+,女,大专,金融保险,高
1400,食品,0:00-2:00,CCTV,20-30,女,高中及以下,住宿旅游,高
1401,家用电器,20:00-22:00,CCTV,30+,男,本科及以上,教育,中
1402,酒类,22:00-0:00,CCTV,30+,女,大专,社会公共管理,高
1403,饮料,22:00-0:00,CCTV,10-20,男,本科及以上,教育,中
1404,食品,16:00-18:00,CCTV,30+,男,本科及以上,社会公共管理,低
1405,饮料,20:00-22:00,CCTV,10-20,男,本科及以上,住宿旅游,高
1406,邮电通讯,16:00-18:00,浙江卫视,30+,男,本科及以上,IT电子通信,高
1407,家用电器,16:00-18:00,东方卫视,10-20,男,本科及以上,教育,中
1408,食品,20:00-22:00,CCTV,10-20,男,本科及以上,社会公共管理,高
1409,饮料,0:00-2:00,CCTV,30+,女,高中及以下,IT电子通信,中
1410,饮料,20:00-22:00,CCTV,20-30,男,大专,医药卫生,低
1411,食品,18:00-20:00,CCTV,30+,男,本科及以上,医药卫生,中
1412,邮电通讯,22:00-0:00,CCTV,10-20,女,本科及以上,医药卫生,中
1413,酒类,20:00-22:00,CCTV,20-30,男,本科及以上,IT电子通信,低
1414,酒类,14:00-16:00,东方卫视,30+,男,本科及以上,IT电子通信,低
1415,饮料,6:00-8:00,浙江卫视,30+,女,大专,社会公共管理,高
1416,食品,10:00-12:00,浙江卫视,30+,女,本科及以上,教育,中
1417,酒类,8:00-10:00,CCTV,0-10,男,本科及以上,金融保险,高
1418,家用电器,22:00-0:00,东方卫视,30+,男,本科及以上,社会公共管理,中
1419,食品,20:00-22:00,CCTV,30+,女,大专,医药卫生,中
1420,酒类,22:00-0:00,浙江卫视,30+,女,本科及以上,金融保险,高
1421,食品,2:00-4:00,CCTV,0-10,女,本科及以上,金融保险,中
1422,酒类,4:00-6:00,CCTV,20-30,女,本科及以上,IT电子通信,高
1423,家用电器,2:00-4:00,CCTV,30+,男,高中及以下,金融保险,中
1424,家用电器,6:00-8:00,CCTV,20-30,女,高中及以下,社会公共管理,低
1425,家用电器,20:00-22:00,CCTV,30+,女,大专,IT电子通信,低
1426,饮料,4:00-6:00,东方卫视,30+,男,大专,社会公共管理,高
1427,饮料,2:00-4:00,浙江卫视,30+,男,本科及以上,教育,中
1428,家用电器,20:00-22:00,东方卫视,30+,女,大专,教育,低
1429,邮电通讯,8:00-10:00,湖南卫视,30+,女,高中及以下,医药卫生,低
1430,酒类,2:00-4:00,东方卫视,10-20,男,本科及以上,教育,高
1431,饮料,20:00-22:00,CCTV,30+,女,高中及以下,教育,低
1432,食品,2:00-4:00,CCTV,30+,女,本科及以上,金融保险,低
1433,酒类,12:00-14:00,CCTV,30+,男,本科及以上,金融保险,中
1434,饮料,12:00-14:00,东方卫视,30+,男,大专,社会公共管理,高
1435,邮电通讯,0:00-2:00,东方卫视,0-10,女,本科及以上,医药卫生,低
1436,家用电器,8:00-10:00,浙江卫视,30+,女,大专,金融保险,低
1437,食品,8:00-10:00,CCTV,10-20,女,大专,金融保险,中
1438,饮料,10:00-12:00,CCTV,30+,女,大专,社会公共管理,中
1439,酒类,4:00-6:00,CCTV,30+,女,本科及以上,IT电子通信,高
1440,酒类,22:00-0:00,CCTV,30+,女,高中及以下,社会公共管理,低
1441,酒类,4:00-6:00,CCTV,30+,女,本科及以上,社会公共管理,中
1442,饮料,4:00-6:00,浙江卫视,30+,女,大专,医药卫生,中
1443,食品,0:00-2:00,CCTV,20-30,女,本科及以上,医药卫生,中
1444,饮料,16:00-18:00,东方卫视,30+,男,本科及以上,社会公共管理,高
1445,饮料,22:00-0:00,东方卫视,30+,男,大专,住宿旅游,高
1446,邮电通讯,22:00-0:00,CCTV,30+,男,高中及以下,医药卫生,中
1447,食品,10:00-12:00,东方卫视,10-20,男,本科及以上,医药卫生,中
1448,食品,14:00-16:00,CCTV,30+,女,大专,社会公共管理,高
1449,饮料,22:00-0:00,东方卫视,30+,女,本科及以上,金融保险,低
1450,邮电通讯,12:00-14:00,东方卫视,30+,女,本科及以上,社会公共管理,高
1451,食品,22:00-0:00,CCTV,0-10,男,本科及以上,IT电子通信,高
1452,酒类,22:00-0:00,浙江卫视,10-20,女,高中及以下,金融保险,高
1453,食品,20:00-22:00,CCTV,30+,女,本科及以上,金融保险,低
1454,酒类,10:00-12:00,东方卫视,30+,男,本科及以上,教育,中
1455,家用电器,14:00-16:00,浙江卫视,30+,女,本科及以上,社会公共管理,高
1456,家用电器,8:00-10:00,CCTV,30+,男,高中及以下,社会公共管理,高
1457,饮料,22:00-0:00,CCTV,30+,女,高中及以下,医药卫生,中
1458,饮料,20:00-22:00,CCTV,30+,女,高中及以下,住宿旅游,低
1459,食品,22:00-0:00,CCTV,0-10,男,大专,住宿旅游,高
1460,食品,20:00-22:00,CCTV,30+,女,本科及以上,社会公共管理,高
1461,邮电通讯,8:00-10:00,CCTV,0-10,男,本科及以上,IT电子通信,高
1462,邮电通讯,22:00-0:00,浙江卫视,30+,男,本科及以上,教育,中
1463,酒类,20:00-22:00,东方卫视,30+,女,本科及以上,金融保险,高
1464,饮料,22:00-0:00,浙江卫视,30+,女,大专,教育,高
1465,邮电通讯,8:00-10:00,浙江卫视,30+,男,本科及以上,医药卫生,中
1466,饮料,4:00-6:00,CCTV,30+,女,大专,医药卫生,高
1467,饮料,14:00-16:00,CCTV,30+,男,本科及以上,社会公共管理,低
1468,食品,4:00-6:00,湖南卫视,10-20,女,本科及以上,金融保险,低
1469,饮料,22:00-0:00,浙江卫视,30+,男,本科及以上,住宿旅游,中
1470,酒类,22:00-0:00,CCTV,30+,女,本科及以上,住宿旅游,低
1471,酒类,6:00-8:00,东方卫视,30+,女,大专,社会公共管理,高
1472,饮料,14:00-16:00,CCTV,30+,男,本科及以上,金融保险,高
1473,家用电器,22:00-0:00,浙江卫视,20-30,女,大专,教育,高
1474,酒类,22:00-0:00,CCTV,30+,男,高中及以下,IT电子通信,低
1475,饮料,22:00-0:00,CCTV,30+,女,本科及以上,IT电子通信,高
1476,邮电通讯,20:00-22:00,湖南卫视,20-30,女,本科及以上,医药卫生,低
1477,酒类,20:00-22:00,CCTV,30+,男,高中及以下,社会公共管理,高
1478,邮电通讯,18:00-20:00,东方卫视,30+,男,大专,教育,高
1479,饮料,8:00-10:00,东方卫视,20-30,男,本科及以上,医药卫生,中
1480,饮料,10:00-12:00,东方卫视,10-20,女,高中及以下,金融保险,中
1481,酒类,20:00-22:00,CCTV,30+,女,本科及以上,住宿旅游,低
1482,饮料,22:00-0:00,东方卫视,10-20,男,本科及以上,社会公共管理,高
1483,饮料,4:00-6:00,CCTV,30+,女,大专,教育,低
1484,食品,22:00-0:00,东方卫视,0-10,女,本科及以上,金融保险,高
1485,家用电器,22:00-0:00,CCTV,10-20,男,大专,金融保险,中
1486,家用电器,4:00-6:00,浙江卫视,20-30,女,本科及以上,IT电子通信,低
1487,饮料,22:00-0:00,湖南卫视,30+,男,本科及以上,医药卫生,低
1488,食品,22:00-0:00,东方卫视,30+,男,本科及以上,住宿旅游,低
1489,食品,20:00-22:00,东方卫视,20-30,女,本科及以上,医药卫生,中
1490,饮料,4:00-6:00,CCTV,30+,女,高中及以下,医药卫生,低
1491,酒类,16:00-18:00,东方卫视,20-30,男,本科及以上,社会公共管理,中
1492,酒类,8:00-10:00,CCTV,30+,男,高中及以下,金融保险,高
1493,邮电通讯,20:00-22:00,CCTV,0-10,女,高中及以下,医药卫生,低
1494,酒类,16:00-18:00,湖南卫视,10-20,男,本科及以上,IT电子通信,低
1495,家用电器,4:00-6:00,浙江卫视,30+,男,本科及以上,社会公共管理,中
1496,饮料,20:00-22:00,CCTV,30+,男,本科及以上,医药卫生,中
1497,饮料,22:00-0:00,浙江卫视,30+,女,大专,教育,中
1498,饮料,8:00-10:00,CCTV,10-20,男,大专,金融保险,高
1499,酒类,20:00-22:00,CCTV,30+,男,本科及以上,金融保险,低
1500,家用电器,16:00-18:00,湖南卫视,30+,男,本科及以上,教育,中
1501,饮料,14:00-16:00,CCTV,30+,女,大专,IT电子通信,中
1502,酒类,20:00-22:00,CCTV,30+,男,本科及以上,金融保险,高
1503,酒类,8:00-10:00,湖南卫视,0-10,女,本科及以上,教育,低
1504,家用电器,20:00-22:00,CCTV,30+,男,高中及以下,住宿旅游,中
1505,酒类,4:00-6:00,CCTV,30+,女,大专,住宿旅游,低
1506,邮电通讯,20:00-22:00,CCTV,30+,女,本科及以上,住宿旅游,低
1507,酒类,0:00-2:00,CCTV,30+,女,高中及以下,社会公共管理,高
1508,酒类,6:00-8:00,东方卫视,30+,女,大专,教育,低
1509,酒类,14:00-16:00,CCTV,30+,男,大专,IT电子通信,中
1510,酒类,22:00-0:00,东方卫视,30+,女,本科及以上,金融保险,低
1511,食品,20:00-22:00,湖南卫视,30+,女,本科及以上,社会公共管理,中
1512,食品,14:00-16:00,浙江卫视,30+,女,本科及以上,住宿旅游,中
1513,酒类,16:00-18:00,CCTV,30+,女,本科及以上,医药卫生,高
1514,饮料,22:00-0:00,CCTV,30+,女,本科及以上,医药卫生,高
1515,酒类,20:00-22:00,东方卫视,20-30,女,本科及以上,社会公共管理,高
1516,家用电器,20:00-22:00,浙江卫视,20-30,男,本科及以上,社会公共管理,低
1517,家用电器,2:00-4:00,CCTV,20-30,女,本科及以上,住宿旅游,中
1518,饮料,16:00-18:00,CCTV,20-30,女,本科及以上,社会公共管理,高
1519,酒类,22:00-0:00,东方卫视,20-30,女,高中及以下,IT电子通信,低
1520,邮电通讯,16:00-18:00,湖南卫视,10-20,男,高中及以下,社会公共管理,高
1521,酒类,22:00-0:00,CCTV,20-30,女,本科及以上,社会公共管理,高
1522,酒类,18:00-20:00,CCTV,10-20,女,本科及以上,IT电子通信,低
1523,食品,20:00-22:00,CCTV,30+,女,本科及以上,IT电子通信,低
1524,酒类,8:00-10:00,CCTV,10-20,男,本科及以上,医药卫生,高
1525,家用电器,10:00-12:00,东方卫视,30+,女,本科及以上,金融保险,中
1526,食品,0:00-2:00,东方卫视,30+,男,本科及以上,医药卫生,中
1527,食品,10:00-12:00,CCTV,30+,女,大专,医药卫生,中
1528,酒类,22:00-0:00,CCTV,30+,女,本科及以上,金融保险,高
1529,食品,22:00-0:00,东方卫视,30+,男,高中及以下,IT电子通信,低
1530,饮料,22:00-0:00,CCTV,0-10,女,本科及以上,医药卫生,低
1531,食品,8:00-10:00,CCTV,20-30,男,高中及以下,社会公共管理,高
1532,酒类,20:00-22:00,浙江卫视,20-30,女,本科及以上,社会公共管理,高
1533,饮料,8:00-10:00,CCTV,20-30,男,本科及以上,住宿旅游,中
1534,家用电器,20:00-22:00,湖南卫视,20-30,女,本科及以上,金融保险,低
1535,酒类,2:00-4:00,CCTV,30+,女,本科及以上,住宿旅游,中
1536,酒类,16:00-18:00,浙江卫视,30+,男,本科及以上,社会公共管理,高
1537,饮料,10:00-12:00,CCTV,0-10,女,本科及以上,住宿旅游,高
1538,酒类,10:00-12:00,浙江卫视,30+,女,本科及以上,IT电子通信,中
1539,酒类,4:00-6:00,浙江卫视,30+,男,本科及以上,金融保险,高
1540,饮料,18:00-20:00,浙江卫视,20-30,男,本科及以上,金融保险,中
1541,饮料,4:00-6:00,CCTV,30+,男,本科及以上,社会公共管理,高
1542,家用电器,22:00-0:00,CCTV,10-20,女,高中及以下,教育,高
1543,食品,0:00-2:00,CCTV,30+,女,高中及以下,社会公共管理,低
1544,酒类,22:00-0:00,东方卫视,0-10,男,本科及以上,医药卫生,低
1545,饮料,8:00-10:00,CCTV,30+,女,本科及以上,IT电子通信,高
1546,食品,20:00-22:00,浙江卫视,20-30,男,本科及以上,住宿旅游,低
1547,食品,20:00-22:00,东方卫视,0-10,男,高中及以下,IT电子通信,高
1548,酒类,10:00-12:00,东方卫视,30+,女,本科及以上,教育,低
1549,酒类,16:00-18:00,东方卫视,10-20,女,本科及以上,金融保险,中
1550,酒类,2:00-4:00,CCTV,10-20,男,本科及以上,社会公共管理,低
1551,家用电器,10:00-12:00,东方卫视,30+,女,本科及以上,医药卫生,高
1552,饮料,20:00-22:00,浙江卫视,10-20,女,本科及以上,住宿旅游,高
1553,酒类,4:00-6:00,CCTV,10-20,女,本科及以上,医药卫生,高
1554,食品,16:00-18:00,CCTV,20-30,女,本科及以上,社会公共管理,高
1555,食品,22:00-0:00,东方卫视,30+,女,本科及以上,社会公共管理,高
1556,邮电通讯,22:00-0:00,东方卫视,20-30,男,大专,医药卫生,低
1557,家用电器,22:00-0:00,东方卫视,30+,女,本科及以上,医药卫生,中
1558,饮料,8:00-10:00,湖南卫视,30+,男,大专,IT电子通信,低
1559,食品,18:00-20:00,东方卫视,30+,女,本科及以上,教育,低
1560,酒类,8:00-10:00,CCTV,30+,男,高中及以下,教育,低
1561,饮料,20:00-22:00,东方卫视,30+,女,大专,教育,高
1562,酒类,22:00-0:00,浙江卫视,30+,男,大专,IT电子通信,中
1563,饮料,22:00-0:00,东方卫视,20-30,男,本科及以上,医药卫生,低
1564,食品,14:00-16:00,CCTV,30+,女,大专,医药卫生,高
1565,食品,20:00-22:00,东方卫视,30+,女,本科及以上,金融保险,高
1566,酒类,4:00-6:00,东方卫视,20-30,女,本科及以上,金融保险,中
1567,食品,22:00-0:00,CCTV,20-30,男,高中及以下,住宿旅游,低
1568,酒类,16:00-18:00,浙江卫视,30+,女,本科及以上,教育,低
1569,食品,6:00-8:00,浙江卫视,0-10,男,高中及以下,住宿旅游,高
1570,食品,8:00-10:00,浙江卫视,30+,男,本科及以上,社会公共管理,高
1571,饮料,16:00-18:00,浙江卫视,10-20,男,高中及以下,金融保险,低
1572,家用电器,22:00-0:00,CCTV,30+,男,本科及以上,教育,高
1573,酒类,20:00-22:00,东方卫视,10-20,男,高中及以下,金融保险,中
1574,家用电器,8:00-10:00,CCTV,30+,女,大专,医药卫生,低
1575,饮料,4:00-6:00,东方卫视,30+,女,本科及以上,住宿旅游,高
1576,饮料,16:00-18:00,CCTV,10-20,男,大专,社会公共管理,中
1577,食品,20:00-22:00,CCTV,30+,女,大专,教育,低
1578,食品,8:00-10:00,CCTV,30+,女,本科及以上,金融保险,中
1579,邮电通讯,4:00-6:00,CCTV,10-20,女,本科及以上,金融保险,高
1580,食品,20:00-22:00,CCTV,30+,女,本科及以上,医药卫生,中
1581,饮料,22:00-0:00,东方卫视,30+,男,本科及以上,金融保险,高
1582,酒类,10:00-12:00,CCTV,30+,女,本科及以上,社会公共管理,高
1583,饮料,22:00-0:00,CCTV,0-10,女,本科及以上,IT电子通信,高
1584,饮料,0:00-2:00,CCTV,0-10,男,本科及以上,IT电子通信,中
1585,饮料,20:00-22:00,CCTV,10-20,男,本科及以上,IT电子通信,高
1586,饮料,0:00-2:00,CCTV,30+,女,高中及以下,社会公共管理,高
1587,邮电通讯,0:00-2:00,CCTV,30+,男,大专,IT电子通信,低
1588,食品,4:00-6:00,东方卫视,30+,男,大专,金融保险,高
1589,饮料,20:00-22:00,CCTV,30+,男,大专,金融保险,中
1590,饮料,8:00-10:00,CCTV,30+,男,本科及以上,医药卫生,中
1591,酒类,6:00-8:00,东方卫视,10-20,女,大专,社会公共管理,高
1592,食品,0:00-2:00,CCTV,30+,女,本科及以上,金融保险,高
1593,家用电器,22:00-0:00,CCTV,10-20,女,本科及以上,医药卫生,低
1594,饮料,20:00-22:00,浙江卫视,10-20,男,本科及以上,金融保险,高
1595,饮料,8:00-10:00,东方卫视,30+,女,高中及以下,金融保险,低
1596,家用电器,20:00-22:00,东方卫视,20-30,女,高中及以下,医药卫生,高
1597,邮电通讯,4:00-6:00,浙江卫视,30+,女,本科及以上,医药卫生,高
1598,酒类,20:00-22:00,浙江卫视,30+,男,本科及以上,教育,低
1599,饮料,16:00-18:00,CCTV,30+,女,本科及以上,住宿旅游,低
1600,家用电器,20:00-22:00,浙江卫视,30+,男,本科及以上,IT电子通信,高
1601,家用电器,20:00-22:00,CCTV,30+,女,本科及以上,教育,中
1602,食品,20:00-22:00,CCTV,30+,男,本科及以上,金融保险,低
1603,酒类,22:00-0:00,东方卫视,10-20,男,本科及以上,金融保险,中
1604,食品,16:00-18:00,湖南卫视,10-20,男,本科及以上,金融保险,中
1605,家用电器,12:00-14:00,CCTV,20-30,女,高中及以下,IT电子通信,高
1606,饮料,20:00-22:00,CCTV,20-30,男,大专,IT电子通信,中
1607,食品,6:00-8:00,浙江卫视,20-30,女,高中及以下,金融保险,高
1608,邮电通讯,4:00-6:00,CCTV,30+,男,大专,社会公共管理,低
1609,食品,20:00-22:00,CCTV,10-20,男,本科及以上,金融保险,中
1610,饮料,0:00-2:00,CCTV,10-20,女,高中及以下,金融保险,高
1611,饮料,18:00-20:00,湖南卫视,20-30,男,大专,IT电子通信,高
1612,酒类,10:00-12:00,东方卫视,30+,女,本科及以上,社会公共管理,低
1613,饮料,6:00-8:00,CCTV,10-20,男,本科及以上,教育,低
1614,家用电器,2:00-4:00,CCTV,30+,男,本科及以上,医药卫生,低
1615,家用电器,18:00-20:00,东方卫视,30+,男,大专,医药卫生,中
1616,食品,20:00-22:00,CCTV,20-30,女,高中及以下,金融保险,中
1617,家用电器,22:00-0:00,CCTV,10-20,女,大专,社会公共管理,低
1618,邮电通讯,14:00-16:00,CCTV,30+,女,本科及以上,医药卫生,低
1619,食品,2:00-4:00,CCTV,30+,男,本科及以上,住宿旅游,低
1620,家用电器,22:00-0:00,浙江卫视,10-20,女,高中及以下,住宿旅游,中
1621,食品,16:00-18:00,东方卫视,30+,女,本科及以上,住宿旅游,低
1622,食品,8:00-10:00,东方卫视,30+,男,大专,住宿旅游,低
1623,食品,22:00-0:00,CCTV,0-10,男,本科及以上,社会公共管理,高
1624,饮料,22:00-0:00,浙江卫视,0-10,男,高中及以下,医药卫生,中
1625,酒类,22:00-0:00,CCTV,20-30,女,本科及以上,住宿旅游,中
1626,饮料,22:00-0:00,CCTV,30+,男,本科及以上,金融保险,中
1627,食品,20:00-22:00,CCTV,30+,男,本科及以上,医药卫生,中
1628,食品,22:00-0:00,东方卫视,10-20,男,大专,IT电子通信,高
1629,酒类,6:00-8:00,浙江卫视,10-20,男,本科及以上,住宿旅游,低
1630,酒类,2:00-4:00,CCTV,30+,女,高中及以下,教育,低
1631,酒类,10:00-12:00,CCTV,10-20,男,大专,金融保险,中
1632,家用电器,22:00-0:00,湖南卫视,30+,男,本科及以上,IT电子通信,中
1633,饮料,20:00-22:00,CCTV,20-30,女,本科及以上,住宿旅游,高
1634,邮电通讯,16:00-18:00,CCTV,10-20,男,高中及以下,金融保险,中
1635,饮料,0:00-2:00,CCTV,20-30,男,本科及以上,IT电子通信,高
1636,酒类,22:00-0:00,CCTV,30+,男,大专,IT电子通信,高
1637,饮料,4:00-6:00,CCTV,0-10,男,高中及以下,住宿旅游,中
1638,邮电通讯,20:00-22:00,东方卫视,10-20,男,本科及以上,住宿旅游,高
1639,酒类,20:00-22:00,东方卫视,0-10,女,本科及以上,医药卫生,中
1640,饮料,14:00-16:00,CCTV,10-20,女,本科及以上,住宿旅游,低
1641,家用电器,22:00-0:00,CCTV,30+,女,本科及以上,医药卫生,中
1642,家用电器,22:00-0:00,CCTV,20-30,女,大专,教育,中
1643,食品,22:00-0:00,湖南卫视,30+,女,大专,金融保险,低
1644,食品,6:00-8:00,东方卫视,30+,女,大专,医药卫生,高
1645,食品,8:00-10:00,CCTV,20-30,男,大专,金融保险,低
1646,酒类,4:00-6:00,CCTV,30+,男,本科及以上,住宿旅游,高
1647,酒类,18:00-20:00,浙江卫视,10-20,女,本科及以上,教育,中
1648,酒类,22:00-0:00,湖南卫视,30+,女,高中及以下,社会公共管理,低
1649,食品,22:00-0:00,CCTV,30+,女,本科及以上,金融保险,中
1650,食品,8:00-10:00,CCTV,30+,女,本科及以上,社会公共管理,中
1651,酒类,20:00-22:00,东方卫视,10-20,女,高中及以下,金融保险,高
1652,酒类,8:00-10:00,东方卫视,30+,男,本科及以上,教育,低
1653,食品,10:00-12:00,湖南卫视,0-10,男,高中及以下,医药卫生,中
1654,家用电器,12:00-14:00,浙江卫视,30+,男,本科及以上,社会公共管理,中
1655,家用电器,18:00-20:00,浙江卫视,30+,男,本科及以上,教育,高
1656,酒类,4:00-6:00,湖南卫视,30+,男,大专,教育,高
1657,酒类,4:00-6:00,CCTV,10-20,男,本科及以上,金融保险,中
1658,家用电器,20:00-22:00,CCTV,10-20,女,高中及以下,金融保险,中
1659,食品,22:00-0:00,东方卫视,30+,女,大专,IT电子通信,高
1660,食品,0:00-2:00,东方卫视,30+,女,本科及以上,社会公共管理,低
1661,食品,6:00-8:00,CCTV,30+,男,高中及以下,教育,高
1662,邮电通讯,2:00-4:00,东方卫视,30+,女,本科及以上,社会公共管理,高
1663,酒类,4:00-6:00,CCTV,30+,男,高中及以下,金融保险,高
1664,食品,20:00-22:00,CCTV,30+,男,本科及以上,IT电子通信,低
1665,饮料,4:00-6:00,CCTV,10-20,女,本科及以上,医药卫生,高
1666,酒类,20:00-22:00,CCTV,10-20,男,大专,住宿旅游,低
1667,饮料,10:00-12:00,CCTV,30+,女,本科及以上,金融保险,低
1668,酒类,2:00-4:00,CCTV,20-30,男,本科及以上,教育,低
1669,食品,20:00-22:00,CCTV,30+,男,本科及以上,社会公共管理,低
1670,酒类,18:00-20:00,CCTV,10-20,男,大专,医药卫生,高
1671,家用电器,22:00-0:00,CCTV,30+,女,本科及以上,IT电子通信,中
1672,食品,20:00-22:00,CCTV,30+,女,本科及以上,金融保险,中
1673,酒类,22:00-0:00,CCTV,30+,男,大专,金融保险,中
1674,酒类,22:00-0:00,CCTV,30+,女,本科及以上,IT电子通信,低
1675,酒类,4:00-6:00,东方卫视,30+,女,本科及以上,社会公共管理,高
1676,食品,22:00-0:00,CCTV,10-20,女,本科及以上,医药卫生,低
1677,酒类,14:00-16:00,东方卫视,30+,男,本科及以上,教育,低
1678,酒类,20:00-22:00,浙江卫视,10-20,男,大专,金融保险,中
1679,酒类,18:00-20:00,CCTV,30+,男,大专,IT电子通信,中
1680,酒类,4:00-6:00,CCTV,30+,女,本科及以上,医药卫生,高
1681,酒类,20:00-22:00,浙江卫视,30+,女,大专,住宿旅游,高
1682,饮料,8:00-10:00,CCTV,30+,男,本科及以上,IT电子通信,中
1683,酒类,20:00-22:00,东方卫视,20-30,男,本科及以上,社会公共管理,高
1684,酒类,22:00-0:00,东方卫视,0-10,女,大专,教育,低
1685,家用电器,14:00-16:00,浙江卫视,10-20,男,高中及以下,社会公共管理,高
1686,饮料,0:00-2:00,CCTV,0-10,女,本科及以上,住宿旅游,低
1687,饮料,20:00-22:00,CCTV,30+,女,本科及以上,医药卫生,高
1688,酒类,8:00-10:00,浙江卫视,30+,女,高中及以下,住宿旅游,低
1689,饮料,20:00-22:00,东方卫视,20-30,男,大专,社会公共管理,高
1690,饮料,0:00-2:00,CCTV,30+,女,本科及以上,医药卫生,高
1691,酒类,8:00-10:00,东方卫视,30+,男,本科及以上,金融保险,高
1692,酒类,4:00-6:00,CCTV,30+,男,本科及以上,教育,高
1693,饮料,0:00-2:00,CCTV,30+,女,高中及以下,金融保险,中
1694,食品,4:00-6:00,CCTV,30+,男,本科及以上,社会公共管理,低
1695,饮料,8:00-10:00,东方卫视,30+,男,大专,教育,高
1696,食品,10:00-12:00,东方卫视,30+,女,本科及以上,金融保险,高
1697,酒类,0:00-2:00,东方卫视,30+,女,本科及以上,医药卫生,低
1698,饮料,20:00-22:00,湖南卫视,20-30,女,本科及以上,IT电子通信,高
1699,食品,22:00-0:00,CCTV,30+,男,本科及以上,教育,高
1700,食品,8:00-10:00,CCTV,20-30,男,本科及以上,教育,低
1701,家用电器,0:00-2:00,东方卫视,30+,男,本科及以上,医药卫生,中
1702,家用电器,20:00-22:00,东方卫视,10-20,女,大专,社会公共管理,低
1703,食品,0:00-2:00,东方卫视,20-30,女,本科及以上,社会公共管理,低
1704,邮电通讯,8:00-10:00,浙江卫视,10-20,男,大专,金融保险,中
1705,酒类,20:00-22:00,CCTV,30+,女,本科及以上,社会公共管理,低
1706,饮料,14:00-16:00,CCTV,10-20,男,本科及以上,IT电子通信,低
1707,酒类,8:00-10:00,CCTV,30+,男,大专,IT电子通信,低
1708,酒类,18:00-20:00,CCTV,30+,男,本科及以上,社会公共管理,低
1709,饮料,18:00-20:00,CCTV,30+,女,大专,IT电子通信,高
1710,酒类,22:00-0:00,CCTV,30+,男,本科及以上,金融保险,高
1711,饮料,4:00-6:00,东方卫视,20-30,男,本科及以上,社会公共管理,高
1712,饮料,22:00-0:00,CCTV,0-10,男,本科及以上,教育,中
1713,酒类,22:00-0:00,东方卫视,30+,男,大专,社会公共管理,高
1714,食品,20:00-22:00,东方卫视,30+,男,本科及以上,金融保险,中
1715,家用电器,14:00-16:00,湖南卫视,30+,女,大专,住宿旅游,高
1716,邮电通讯,8:00-10:00,浙江卫视,20-30,女,高中及以下,医药卫生,中
1717,邮电通讯,4:00-6:00,CCTV,30+,男,本科及以上,社会公共管理,高
1718,酒类,12:00-14:00,浙江卫视,30+,男,大专,社会公共管理,中
1719,食品,20:00-22:00,东方卫视,30+,女,本科及以上,IT电子通信,高
1720,食品,8:00-10:00,浙江卫视,20-30,女,大专,住宿旅游,高
1721,邮电通讯,8:00-10:00,东方卫视,20-30,女,大专,金融保险,高
1722,家用电器,20:00-22:00,CCTV,20-30,男,高中及以下,IT电子通信,低
1723,家用电器,22:00-0:00,东方卫视,30+,女,本科及以上,医药卫生,低
1724,家用电器,18:00-20:00,CCTV,30+,男,本科及以上,社会公共管理,中
1725,饮料,16:00-18:00,东方卫视,30+,女,高中及以下,金融保险,高
1726,酒类,22:00-0:00,CCTV,0-10,女,大专,社会公共管理,高
1727,家用电器,0:00-2:00,东方卫视,30+,男,本科及以上,医药卫生,低
1728,饮料,0:00-2:00,CCTV,30+,女,大专,住宿旅游,低
1729,邮电通讯,22:00-0:00,东方卫视,20-30,女,大专,教育,中
1730,酒类,22:00-0:00,CCTV,20-30,男,高中及以下,社会公共管理,低
1731,饮料,10:00-12:00,东方卫视,20-30,女,大专,住宿旅游,高
1732,酒类,8:00-10:00,CCTV,30+,男,本科及以上,金融保险,高
1733,饮料,22:00-0:00,东方卫视,30+,女,本科及以上,社会公共管理,高
1734,酒类,10:00-12:00,湖南卫视,30+,男,本科及以上,IT电子通信,低
1735,饮料,18:00-20:00,CCTV,10-20,女,大专,教育,高
1736,家用电器,10:00-12:00,浙江卫视,30+,女,大专,金融保险,高
1737,食品,0:00-2:00,CCTV,30+,男,本科及以上,社会公共管理,高
1738,食品,6:00-8:00,东方卫视,30+,男,高中及以下,社会公共管理,低
1739,酒类,22:00-0:00,东方卫视,20-30,女,本科及以上,住宿旅游,高
1740,食品,0:00-2:00,CCTV,30+,男,本科及以上,社会公共管理,低
1741,食品,22:00-0:00,东方卫视,10-20,男,大专,IT电子通信,低
1742,食品,20:00-22:00,浙江卫视,30+,男,本科及以上,IT电子通信,低
1743,家用电器,10:00-12:00,浙江卫视,10-20,男,本科及以上,教育,高
1744,饮料,8:00-10:00,CCTV,20-30,男,本科及以上,教育,高
1745,酒类,14:00-16:00,CCTV,30+,男,本科及以上,社会公共管理,中
1746,邮电通讯,4:00-6:00,CCTV,30+,女,大专,社会公共管理,中
1747,食品,20:00-22:00,东方卫视,30+,男,大专,社会公共管理,高
1748,酒类,8:00-10:00,湖南卫视,20-30,女,本科及以上,医药卫生,中
1749,酒类,20:00-22:00,CCTV,30+,女,高中及以下,金融保险,中
1750,食品,2:00-4:00,CCTV,30+,女,大专,住宿旅游,高
1751,饮料,18:00-20:00,东方卫视,30+,男,大专,社会公共管理,高
1752,酒类,4:00-6:00,CCTV,10-20,男,本科及以上,社会公共管理,低
1753,家用电器,10:00-12:00,湖南卫视,30+,女,本科及以上,医药卫生,中
1754,饮料,18:00-20:00,CCTV,30+,女,高中及以下,医药卫生,中
1755,家用电器,22:00-0:00,东方卫视,30+,男,高中及以下,医药卫生,高
1756,食品,20:00-22:00,CCTV,20-30,男,大专,IT电子通信,高
1757,饮料,18:00-20:00,CCTV,30+,女,大专,IT电子通信,低
1758,邮电通讯,22:00-0:00,东方卫视,30+,女,本科及以上,社会公共管理,高
1759,饮料,2:00-4:00,浙江卫视,20-30,男,大专,社会公共管理,高
1760,酒类,20:00-22:00,CCTV,30+,男,大专,IT电子通信,低
1761,邮电通讯,20:00-22:00,CCTV,30+,男,大专,IT电子通信,高
1762,饮料,10:00-12:00,东方卫视,0-10,女,本科及以上,医药卫生,高
1763,食品,0:00-2:00,CCTV,30+,男,本科及以上,医药卫生,中
1764,食品,12:00-14:00,CCTV,30+,男,本科及以上,IT电子通信,高
1765,家用电器,22:00-0:00,浙江卫视,30+,女,本科及以上,住宿旅游,高
1766,家用电器,22:00-0:00,CCTV,30+,女,本科及以上,金融保险,高
1767,酒类,8:00-10:00,湖南卫视,0-10,男,大专,社会公共管理,中
1768,食品,20:00-22:00,CCTV,30+,男,大专,社会公共管理,中
1769,酒类,14:00-16:00,CCTV,30+,男,本科及以上,IT电子通信,高
1770,饮料,2:00-4:00,CCTV,10-20,男,本科及以上,住宿旅游,高
1771,家用电器,6:00-8:00,CCTV,10-20,女,大专,教育,低
1772,饮料,22:00-0:00,CCTV,30+,男,本科及以上,金融保险,高
1773,家用电器,22:00-0:00,浙江卫视,10-20,男,本科及以上,IT电子通信,中
1774,家用电器,8:00-10:00,湖南卫视,20-30,女,高中及以下,金融保险,高
1775,饮料,22:00-0:00,CCTV,30+,女,本科及以上,医药卫生,中
1776,家用电器,20:00-22:00,CCTV,30+,男,大专,教育,低
1777,食品,6:00-8:00,东方卫视,10-20,女,本科及以上,IT电子通信,中
1778,酒类,16:00-18:00,CCTV,0-10,男,本科及以上,IT电子通信,高
1779,家用电器,6:00-8:00,CCTV,30+,男,本科及以上,教育,高
1780,家用电器,22:00-0:00,东方卫视,10-20,女,本科及以上,金融保险,高
1781,酒类,20:00-22:00,CCTV,20-30,女,高中及以下,金融保险,高
1782,饮料,22:00-0:00,湖南卫视,30+,男,本科及以上,医药卫生,高
1783,酒类,20:00-22:00,CCTV,30+,男,高中及以下,医药卫生,高
1784,饮料,10:00-12:00,CCTV,20-30,女,大专,住宿旅游,中
1785,食品,22:00-0:00,东方卫视,10-20,女,高中及以下,金融保险,低
1786,酒类,22:00-0:00,浙江卫视,30+,女,本科及以上,医药卫生,高
1787,邮电通讯,20:00-22:00,CCTV,0-10,女,大专,教育,低
1788,酒类,18:00-20:00,CCTV,30+,女,本科及以上,住宿旅游,中
1789,食品,22:00-0:00,浙江卫视,30+,女,本科及以上,金融保险,中
1790,酒类,10:00-12:00,CCTV,20-30,男,本科及以上,金融保险,高
1791,饮料,20:00-22:00,湖南卫视,30+,女,本科及以上,社会公共管理,低
1792,饮料,4:00-6:00,东方卫视,30+,男,大专,金融保险,高
1793,酒类,8:00-10:00,湖南卫视,30+,女,本科及以上,教育,高
1794,食品,22:00-0:00,CCTV,30+,女,本科及以上,金融保险,低
1795,邮电通讯,4:00-6:00,东方卫视,30+,男,本科及以上,社会公共管理,高
1796,饮料,12:00-14:00,湖南卫视,30+,男,大专,住宿旅游,低
1797,饮料,4:00-6:00,浙江卫视,30+,女,大专,教育,低
1798,饮料,20:00-22:00,CCTV,30+,女,本科及以上,教育,高
1799,邮电通讯,22:00-0:00,CCTV,30+,男,本科及以上,医药卫生,高
1800,饮料,20:00-22:00,CCTV,30+,女,高中及以下,医药卫生,中
1801,家用电器,20:00-22:00,湖南卫视,30+,女,本科及以上,医药卫生,高
1802,家用电器,16:00-18:00,东方卫视,30+,女,本科及以上,医药卫生,中
1803,食品,0:00-2:00,CCTV,30+,女,本科及以上,社会公共管理,低
1804,饮料,22:00-0:00,浙江卫视,10-20,女,本科及以上,教育,中
1805,邮电通讯,22:00-0:00,浙江卫视,20-30,女,本科及以上,教育,中
1806,家用电器,4:00-6:00,湖南卫视,20-30,男,本科及以上,社会公共管理,低
1807,食品,22:00-0:00,CCTV,30+,女,大专,教育,低
1808,食品,8:00-10:00,CCTV,10-20,男,大专,教育,中
1809,食品,8:00-10:00,CCTV,30+,女,大专,教育,低
1810,饮料,2:00-4:00,湖南卫视,10-20,女,大专,住宿旅游,低
1811,酒类,20:00-22:00,浙江卫视,30+,男,大专,社会公共管理,高
1812,家用电器,12:00-14:00,湖南卫视,10-20,男,本科及以上,教育,中
1813,酒类,4:00-6:00,CCTV,30+,女,本科及以上,社会公共管理,低
1814,家用电器,20:00-22:00,CCTV,30+,男,本科及以上,住宿旅游,低
1815,酒类,22:00-0:00,湖南卫视,20-30,女,本科及以上,教育,高
1816,家用电器,20:00-22:00,CCTV,20-30,女,本科及以上,医药卫生,高
1817,饮料,22:00-0:00,东方卫视,10-20,女,本科及以上,教育,高
1818,酒类,2:00-4:00,CCTV,0-10,女,高中及以下,医药卫生,高
1819,酒类,10:00-12:00,CCTV,30+,男,高中及以下,金融保险,低
1820,食品,20:00-22:00,东方卫视,30+,女,本科及以上,社会公共管理,中
1821,邮电通讯,0:00-2:00,CCTV,30+,女,本科及以上,金融保险,高
1822,食品,10:00-12:00,CCTV,30+,男,本科及以上,住宿旅游,高
1823,饮料,14:00-16:00,东方卫视,30+,男,大专,住宿旅游,高
1824,家用电器,18:00-20:00,浙江卫视,30+,男,本科及以上,社会公共管理,高
1825,家用电器,20:00-22:00,CCTV,30+,男,本科及以上,住宿旅游,低
1826,酒类,20:00-22:00,东方卫视,30+,男,大专,IT电子通信,低
1827,食品,0:00-2:00,东方卫视,10-20,男,本科及以上,金融保险,中
1828,家用电器,22:00-0:00,CCTV,20-30,女,大专,IT电子通信,低
1829,食品,22:00-0:00,浙江卫视,30+,女,大专,住宿旅游,高
1830,饮料,22:00-0:00,CCTV,30+,女,高中及以下,IT电子通信,中
1831,食品,4:00-6:00,CCTV,20-30,女,高中及以下,IT电子通信,高
1832,家用电器,18:00-20:00,CCTV,30+,男,本科及以上,IT电子通信,低
1833,饮料,0:00-2:00,CCTV,30+,女,大专,金融保险,低
1834,食品,0:00-2:00,浙江卫视,10-20,女,本科及以上,社会公共管理,低
1835,食品,20:00-22:00,CCTV,20-30,男,大专,住宿旅游,低
1836,饮料,22:00-0:00,CCTV,20-30,男,大专,医药卫生,低
1837,食品,22:00-0:00,浙江卫视,20-30,女,本科及以上,IT电子通信,高
1838,食品,2:00-4:00,CCTV,0-10,女,本科及以上,IT电子通信,中
1839,家用电器,20:00-22:00,东方卫视,30+,女,本科及以上,社会公共管理,高
1840,饮料,6:00-8:00,东方卫视,0-10,男,本科及以上,社会公共管理,高
1841,酒类,8:00-10:00,CCTV,10-20,女,本科及以上,金融保险,中
1842,食品,20:00-22:00,CCTV,0-10,女,本科及以上,IT电子通信,高
1843,邮电通讯,10:00-12:00,CCTV,20-30,男,本科及以上,金融保险,中
1844,饮料,10:00-12:00,CCTV,30+,女,本科及以上,医药卫生,低
1845,食品,10:00-12:00,东方卫视,30+,男,本科及以上,社会公共管理,高
1846,食品,16:00-18:00,东方卫视,30+,男,大专,社会公共管理,低
1847,酒类,22:00-0:00,CCTV,30+,女,本科及以上,住宿旅游,低
1848,食品,4:00-6:00,CCTV,30+,女,本科及以上,社会公共管理,低
1849,酒类,6:00-8:00,CCTV,20-30,女,大专,社会公共管理,中
1850,食品,0:00-2:00,东方卫视,20-30,男,本科及以上,社会公共管理,高
1851,家用电器,20:00-22:00,CCTV,20-30,男,大专,医药卫生,中
1852,饮料,22:00-0:00,CCTV,20-30,男,大专,IT电子通信,低
1853,食品,18:00-20:00,CCTV,20-30,男,本科及以上,IT电子通信,高
1854,家用电器,10:00-12:00,CCTV,10-20,男,本科及以上,教育,低
1855,饮料,22:00-0:00,东方卫视,20-30,男,本科及以上,教育,低
1856,邮电通讯,20:00-22:00,东方卫视,30+,男,高中及以下,医药卫生,低
1857,食品,18:00-20:00,CCTV,30+,女,本科及以上,金融保险,高
1858,家用电器,20:00-22:00,东方卫视,0-10,男,本科及以上,医药卫生,高
1859,家用电器,22:00-0:00,CCTV,30+,男,大专,社会公共管理,低
1860,酒类,20:00-22:00,CCTV,30+,女,大专,IT电子通信,高
1861,食品,8:00-10:00,湖南卫视,30+,女,本科及以上,住宿旅游,低
1862,家用电器,10:00-12:00,CCTV,20-30,女,大专,教育,高
1863,食品,20:00-22:00,东方卫视,30+,男,本科及以上,住宿旅游,低
1864,家用电器,10:00-12:00,CCTV,30+,男,大专,IT电子通信,中
1865,酒类,20:00-22:00,东方卫视,0-10,男,高中及以下,医药卫生,低
1866,酒类,14:00-16:00,浙江卫视,30+,男,高中及以下,医药卫生,中
1867,酒类,22:00-0:00,东方卫视,20-30,男,高中及以下,医药卫生,中
1868,饮料,22:00-0:00,CCTV,30+,男,本科及以上,IT电子通信,高
1869,饮料,20:00-22:00,CCTV,20-30,女,本科及以上,社会公共管理,高
1870,家用电器,20:00-22:00,浙江卫视,30+,女,本科及以上,住宿旅游,中
1871,家用电器,8:00-10:00,湖南卫视,30+,男,本科及以上,教育,中
1872,酒类,10:00-12:00,东方卫视,30+,女,本科及以上,金融保险,高
1873,食品,22:00-0:00,东方卫视,20-30,女,本科及以上,教育,高
1874,饮料,10:00-12:00,CCTV,30+,女,本科及以上,医药卫生,低
1875,饮料,22:00-0:00,湖南卫视,30+,女,本科及以上,住宿旅游,中
1876,家用电器,6:00-8:00,CCTV,30+,男,本科及以上,住宿旅游,高
1877,邮电通讯,14:00-16:00,浙江卫视,30+,女,大专,教育,低
1878,食品,22:00-0:00,东方卫视,30+,女,本科及以上,金融保险,中
1879,食品,22:00-0:00,东方卫视,30+,女,大专,医药卫生,高
1880,家用电器,2:00-4:00,CCTV,20-30,女,大专,社会公共管理,高
1881,家用电器,8:00-10:00,东方卫视,30+,男,本科及以上,社会公共管理,中
1882,饮料,4:00-6:00,浙江卫视,10-20,女,高中及以下,IT电子通信,高
1883,饮料,20:00-22:00,湖南卫视,30+,女,大专,医药卫生,低
1884,饮料,22:00-0:00,CCTV,30+,男,本科及以上,医药卫生,中
1885,酒类,20:00-22:00,CCTV,10-20,女,本科及以上,教育,中
1886,食品,8:00-10:00,CCTV,10-20,男,本科及以上,IT电子通信,低
1887,酒类,18:00-20:00,浙江卫视,0-10,男,本科及以上,教育,低
1888,食品,16:00-18:00,CCTV,20-30,男,本科及以上,金融保险,高
1889,食品,12:00-14:00,东方卫视,30+,男,大专,住宿旅游,高
1890,饮料,22:00-0:00,CCTV,30+,男,高中及以下,住宿旅游,中
1891,邮电通讯,22:00-0:00,CCTV,30+,女,本科及以上,住宿旅游,高
1892,饮料,2:00-4:00,CCTV,10-20,女,本科及以上,医药卫生,中
1893,邮电通讯,20:00-22:00,CCTV,10-20,男,本科及以上,医药卫生,高
1894,邮电通讯,20:00-22:00,东方卫视,30+,男,本科及以上,金融保险,高
1895,酒类,22:00-0:00,CCTV,0-10,女,高中及以下,住宿旅游,低
1896,食品,20:00-22:00,CCTV,30+,男,本科及以上,社会公共管理,低
1897,邮电通讯,22:00-0:00,CCTV,30+,女,大专,医药卫生,中
1898,食品,10:00-12:00,CCTV,10-20,男,高中及以下,教育,高
1899,邮电通讯,18:00-20:00,CCTV,30+,男,高中及以下,金融保险,高
1900,邮电通讯,20:00-22:00,东方卫视,30+,男,高中及以下,医药卫生,中
1901,食品,14:00-16:00,CCTV,30+,女,大专,住宿旅游,高
1902,饮料,22:00-0:00,东方卫视,30+,男,高中及以下,社会公共管理,高
1903,食品,2:00-4:00,CCTV,20-30,女,本科及以上,社会公共管理,低
1904,酒类,2:00-4:00,CCTV,10-20,女,本科及以上,医药卫生,中
1905,食品,4:00-6:00,浙江卫视,30+,女,本科及以上,医药卫生,低
1906,饮料,2:00-4:00,东方卫视,30+,女,本科及以上,社会公共管理,中
1907,酒类,22:00-0:00,CCTV,30+,女,本科及以上,金融保险,中
1908,食品,16:00-18:00,CCTV,30+,男,本科及以上,医药卫生,低
1909,饮料,4:00-6:00,CCTV,30+,女,大专,医药卫生,低
1910,饮料,20:00-22:00,东方卫视,10-20,男,本科及以上,社会公共管理,高
1911,酒类,22:00-0:00,东方卫视,30+,男,本科及以上,教育,中
1912,酒类,10:00-12:00,CCTV,20-30,女,大专,医药卫生,中
1913,酒类,22:00-0:00,CCTV,30+,男,大专,住宿旅游,高
1914,食品,14:00-16:00,CCTV,30+,男,本科及以上,金融保险,低
1915,邮电通讯,22:00-0:00,CCTV,30+,女,高中及以下,医药卫生,中
1916,食品,22:00-0:00,CCTV,30+,男,本科及以上,社会公共管理,高
1917,饮料,4:00-6:00,浙江卫视,30+,男,高中及以下,教育,高
1918,饮料,10:00-12:00,浙江卫视,20-30,女,本科及以上,金融保险,低
1919,饮料,20:00-22:00,CCTV,0-10,女,大专,住宿旅游,高
1920,饮料,10:00-12:00,东方卫视,30+,男,本科及以上,金融保险,高
1921,食品,20:00-22:00,东方卫视,0-10,女,本科及以上,IT电子通信,高
1922,饮料,22:00-0:00,浙江卫视,30+,女,本科及以上,社会公共管理,低
1923,饮料,22:00-0:00,东方卫视,10-20,女,本科及以上,教育,中
1924,酒类,18:00-20:00,CCTV,30+,女,本科及以上,医药卫生,低
1925,邮电通讯,22:00-0:00,CCTV,10-20,女,本科及以上,社会公共管理,高
1926,酒类,16:00-18:00,东方卫视,30+,女,大专,住宿旅游,低
1927,酒类,18:00-20:00,东方卫视,30+,男,本科及以上,IT电子通信,高
1928,饮料,18:00-20:00,CCTV,20-30,女,本科及以上,金融保险,高
1929,家用电器,22:00-0:00,东方卫视,10-20,女,本科及以上,社会公共管理,高
1930,酒类,2:00-4:00,CCTV,10-20,男,本科及以上,社会公共管理,高
1931,食品,4:00-6:00,CCTV,30+,女,大专,金融保险,高
1932,饮料,20:00-22:00,浙江卫视,0-10,女,高中及以下,社会公共管理,低
1933,家用电器,20:00-22:00,浙江卫视,0-10,女,高中及以下,金融保险,低
1934,饮料,0:00-2:00,东方卫视,30+,女,高中及以下,社会公共管理,中
1935,食品,22:00-0:00,CCTV,30+,男,大专,教育,低
1936,邮电通讯,22:00-0:00,CCTV,30+,男,本科及以上,社会公共管理,低
1937,食品,22:00-0:00,东方卫视,30+,男,大专,住宿旅游,低
1938,家用电器,14:00-16:00,湖南卫视,30+,女,本科及以上,社会公共管理,中
1939,食品,16:00-18:00,CCTV,20-30,男,本科及以上,住宿旅游,高
1940,食品,20:00-22:00,CCTV,20-30,男,本科及以上,金融保险,低
1941,食品,16:00-18:00,CCTV,0-10,女,本科及以上,住宿旅游,高
1942,邮电通讯,22:00-0:00,CCTV,0-10,女,高中及以下,教育,中
1943,食品,20:00-22:00,湖南卫视,30+,男,本科及以上,医药卫生,低
1944,家用电器,22:00-0:00,CCTV,30+,女,大专,社会公共管理,高
1945,食品,18:00-20:00,CCTV,30+,女,本科及以上,医药卫生,低
1946,家用电器,4:00-6:00,CCTV,30+,女,本科及以上,金融保险,低
1947,家用电器,4:00-6:00,CCTV,10-20,男,高中及以下,IT电子通信,高
1948,酒类,22:00-0:00,CCTV,30+,女,本科及以上,住宿旅游,中
1949,酒类,22:00-0:00,东方卫视,30+,女,本科及以上,社会公共管理,中
1950,邮电通讯,4:00-6:00,CCTV,30+,男,本科及以上,金融保险,高
1951,食品,22:00-0:00,CCTV,30+,男,大专,住宿旅游,低
1952,饮料,20:00-22:00,CCTV,30+,男,本科及以上,医药卫生,中
1953,酒类,12:00-14:00,CCTV,10-20,男,本科及以上,IT电子通信,高
1954,家用电器,16:00-18:00,东方卫视,20-30,男,本科及以上,IT电子通信,低
1955,家用电器,8:00-10:00,东方卫视,30+,男,本科及以上,教育,中
1956,饮料,20:00-22:00,CCTV,20-30,男,本科及以上,金融保险,中
1957,家用电器,20:00-22:00,CCTV,30+,男,本科及以上,社会公共管理,中
1958,家用电器,22:00-0:00,CCTV,0-10,女,高中及以下,医药卫生,低
1959,饮料,8:00-10:00,湖南卫视,10-20,女,本科及以上,IT电子通信,高
1960,饮料,22:00-0:00,CCTV,20-30,女,本科及以上,医药卫生,高
1961,饮料,20:00-22:00,CCTV,30+,男,本科及以上,住宿旅游,低
1962,家用电器,20:00-22:00,CCTV,10-20,女,本科及以上,社会公共管理,高
1963,饮料,6:00-8:00,CCTV,30+,女,大专,IT电子通信,中
1964,饮料,12:00-14:00,CCTV,30+,女,本科及以上,医药卫生,低
1965,酒类,0:00-2:00,CCTV,20-30,女,本科及以上,教育,中
1966,酒类,8:00-10:00,CCTV,30+,女,高中及以下,社会公共管理,低
1967,邮电通讯,20:00-22:00,CCTV,30+,女,本科及以上,社会公共管理,高
1968,酒类,8:00-10:00,浙江卫视,20-30,女,高中及以下,住宿旅游,中
1969,酒类,16:00-18:00,CCTV,30+,女,本科及以上,金融保险,中
1970,食品,22:00-0:00,CCTV,10-20,男,大专,IT电子通信,高
1971,邮电通讯,2:00-4:00,浙江卫视,30+,男,大专,教育,高
1972,饮料,22:00-0:00,东方卫视,30+,男,本科及以上,社会公共管理,高
1973,食品,22:00-0:00,浙江卫视,30+,女,本科及以上,医药卫生,高
1974,饮料,22:00-0:00,浙江卫视,30+,女,本科及以上,IT电子通信,高
1975,饮料,8:00-10:00,东方卫视,30+,男,本科及以上,医药卫生,中
1976,家用电器,14:00-16:00,CCTV,30+,男,本科及以上,教育,低
1977,食品,16:00-18:00,浙江卫视,10-20,女,大专,教育,低
1978,家用电器,8:00-10:00,东方卫视,30+,女,本科及以上,医药卫生,高
1979,饮料,0:00-2:00,东方卫视,30+,女,本科及以上,IT电子通信,中
1980,酒类,10:00-12:00,东方卫视,30+,女,本科及以上,金融保险,高
1981,家用电器,20:00-22:00,CCTV,30+,男,本科及以上,住宿旅游,低
1982,酒类,4:00-6:00,CCTV,30+,男,大专,社会公共管理,高
1983,酒类,22:00-0:00,CCTV,30+,男,本科及以上,住宿旅游,低
1984,家用电器,20:00-22:00,浙江卫视,30+,男,本科及以上,教育,中
1985,酒类,22:00-0:00,湖南卫视,10-20,女,本科及以上,金融保险,高
1986,食品,8:00-10:00,CCTV,10-20,女,本科及以上,IT电子通信,中
1987,家用电器,4:00-6:00,CCTV,10-20,男,本科及以上,金融保险,中
1988,饮料,20:00-22:00,东方卫视,0-10,女,本科及以上,医药卫生,中
1989,饮料,2:00-4:00,浙江卫视,10-20,男,本科及以上,社会公共管理,高
1990,食品,20:00-22:00,CCTV,30+,女,大专,金融保险,中
1991,食品,4:00-6:00,CCTV,30+,男,大专,社会公共管理,中
1992,食品,8:00-10:00,浙江卫视,30+,男,本科及以上,金融保险,低
1993,饮料,2:00-4:00,湖南卫视,30+,女,本科及以上,金融保险,高
1994,家用电器,22:00-0:00,东方卫视,30+,男,本科及以上,金融保险,低
1995,酒类,22:00-0:00,CCTV,10-20,男,高中及以下,社会公共管理,高
1996,饮料,22:00-0:00,浙江卫视,30+,女,本科及以上,IT电子通信,高
1997,邮电通讯,20:00-22:00,东方卫视,30+,女,本科及以上,医药卫生,低
1998,酒类,22:00-0:00,CCTV,30+,男,本科及以上,社会公共管理,低
1999,食品,0:00-2:00,CCTV,30+,女,本科及以上,社会公共管理,高
